Word,Number of  reported results,Number in hard mode,hard_mode_pct,n_unique_letters,n_repeated_letters,has_repeats,max_repeats,n_vowels,n_consonants,vowel_ratio,vc_pattern,unique_vc_pattern,letter_rarity,positional_rarity,word_rarity,n_anagrams,has_anagrams
MANLY,20380,1899,9.317958783120707,5,0,0,1,1,4,0.2,CVCCC,CVC,0.9470752089136492,0.9086350974930362,0.9278551532033427,0,0
MOLAR,21204,1973,9.304848141860028,5,0,0,1,2,3,0.4,CVCVC,CVCVC,0.9339275766016712,0.9186629526462395,0.9262952646239554,0,0
HAVOC,20001,1919,9.594520273986301,5,0,0,1,2,3,0.4,CVCVC,CVCVC,0.9488579387186629,0.9504178272980501,0.9496378830083565,0,0
IMPEL,20160,1937,9.608134920634921,5,0,0,1,2,3,0.4,VCCVC,VCVC,0.9423955431754875,0.9459610027855152,0.9441782729805013,0,0
CONDO,20879,2012,9.636476842760668,4,1,1,2,2,3,0.4,CVCCV,CVCV,0.9465181058495823,0.9298050139275766,0.9381615598885795,0,0
JUDGE,20011,2043,10.209384838338915,5,0,0,1,2,3,0.4,CVCCV,CVCV,0.9602228412256266,0.9331476323119776,0.9466852367688021,0,0
EXTRA,15554,1562,10.042432814710041,5,0,0,1,2,3,0.4,VCCCV,VCV,0.9315877437325906,0.9632311977715877,0.9474094707520891,0,0
POISE,20281,1911,9.422612297224003,5,0,0,1,3,2,0.6,CVVCV,CVCV,0.9364902506963789,0.8818941504178273,0.9091922005571031,0,0
AORTA,21937,2112,9.627569859142088,4,1,1,2,3,2,0.6,VVCCV,VCV,0.92033426183844,0.924791086350975,0.9225626740947075,0,0
EXCEL,20490,2034,9.92679355783309,4,1,1,2,2,3,0.4,VCCVC,VCVC,0.9377158774373259,0.9493036211699165,0.9435097493036212,0,0
LUNAR,22180,2036,9.179440937781786,5,0,0,1,2,3,0.4,CVCVC,CVCVC,0.9379387186629525,0.9337047353760445,0.9358217270194985,0,0
THIRD,24137,2261,9.367361312507768,5,0,0,1,1,4,0.2,CCVCC,CVC,0.9454038997214486,0.9130919220055709,0.9292479108635097,0,0
SLATE,26010,2422,9.311803152633601,5,0,0,1,2,3,0.4,CCVCV,CVCV,0.9251253481894152,0.8685236768802227,0.8968245125348189,1,1
TAPER,22166,2108,9.510060452945954,5,0,0,1,2,3,0.4,CVCVC,CVCVC,0.9252367688022284,0.9052924791086351,0.9152646239554317,0,0
CHORD,22336,2088,9.348137535816619,5,0,0,1,1,4,0.2,CCVCC,CVC,0.9484122562674095,0.9080779944289693,0.9282451253481894,0,0
PROBE,22853,2160,9.451713123003543,5,0,0,1,2,3,0.4,CCVCV,CVCV,0.9391643454038997,0.8969359331476323,0.9180501392757661,0,0
RIVAL,22176,2127,9.591450216450216,5,0,0,1,2,3,0.4,CVCVC,CVCVC,0.940724233983287,0.9448467966573816,0.9427855153203343,0,0
USUAL,20824,2048,9.834805993084903,4,1,1,2,3,2,0.6,VCVVC,VCVC,0.945849582172702,0.9470752089136489,0.9464623955431755,0,0
SPOKE,24101,2224,9.227832870005393,5,0,0,1,2,3,0.4,CCVCV,CVCV,0.9439554317548746,0.8908077994428968,0.9173816155988856,0,0
APPLY,22873,2150,9.399728938049229,4,1,1,2,1,4,0.2,VCCCC,VC,0.9487465181058496,0.9298050139275766,0.9392757660167131,0,0
NAIVE,21947,2075,9.45459516106985,5,0,0,1,3,2,0.6,CVVCV,CVCV,0.9378272980501393,0.8991643454038997,0.9184958217270195,0,0
KNOCK,21157,2041,9.646925367490665,4,1,1,2,1,4,0.2,CCVCC,CVC,0.9595543175487465,0.9409470752089136,0.9502506963788301,0,0
BRAID,23640,2165,9.158206429780034,5,0,0,1,2,3,0.4,CCVVC,CVC,0.9465181058495823,0.92033426183844,0.9334261838440112,0,0
INFER,21199,1863,8.788150384452097,5,0,0,1,2,3,0.4,VCCVC,VCVC,0.9397214484679666,0.9392757660167131,0.9394986072423399,0,0
JOUST,24899,2388,9.590746616329973,5,0,0,1,2,3,0.4,CVVCC,CVC,0.9534261838440111,0.9175487465181058,0.9354874651810585,0,0
AMBER,23509,2261,9.61759326215492,5,0,0,1,2,3,0.4,VCCVC,VCVC,0.9372701949860724,0.9331476323119776,0.935208913649025,0,0
WOKEN,23153,2200,9.502008379043753,5,0,0,1,2,3,0.4,CVCVC,CVCVC,0.9476323119777159,0.9303621169916434,0.9389972144846797,0,0
ADORE,25577,2398,9.375610900418344,5,0,0,1,3,2,0.6,VCVCV,VCVCV,0.9260167130919219,0.8986072423398328,0.9123119777158774,0,0
TORSO,23873,2260,9.466761613538306,4,1,1,2,2,3,0.4,CVCCV,CVCV,0.9312534818941505,0.9259052924791085,0.9285793871866295,0,0
CHAFE,24646,2343,9.506613649273715,5,0,0,1,2,3,0.4,CCVCV,CVCV,0.942284122562674,0.8963788300835656,0.9193314763231197,0,0
EJECT,22628,2200,9.72246773908432,4,1,1,2,2,3,0.4,VCVCC,VCVC,0.9360445682451253,0.9403899721448468,0.938217270194986,0,0
STUDY,2569,2405,93.61619307123394,5,0,0,1,1,4,0.2,CCVCC,CVC,0.9558774373259054,0.9164345403899722,0.9361559888579387,0,0
UNDUE,23739,2316,9.75609756097561,4,1,1,2,3,2,0.6,VCCVV,VCV,0.9494150417827297,0.9331476323119776,0.9412813370473536,0,0
TEPID,26051,2484,9.535142604890408,5,0,0,1,2,3,0.4,CVCVC,CVCVC,0.9405013927576602,0.9359331476323121,0.9382172701949861,0,0
HAPPY,25206,2356,9.346980877568834,4,1,1,2,1,4,0.2,CVCCC,CVC,0.9534261838440111,0.9275766016713092,0.9405013927576602,0,0
CLEAN,26381,2424,9.188431067813957,5,0,0,1,2,3,0.4,CCVVC,CVC,0.9314763231197771,0.9153203342618385,0.9233983286908078,0,0
ITCHY,24197,2329,9.625160143819482,5,0,0,1,1,4,0.2,VCCCC,VC,0.9515320334261839,0.9520891364902507,0.9518105849582172,0,0
FEAST,27705,2725,9.835769716657643,5,0,0,1,2,3,0.4,CVVCC,CVC,0.9339275766016714,0.9108635097493035,0.9223955431754874,0,0
DRIVE,26663,2451,9.192513970670966,5,0,0,1,2,3,0.4,CCVCV,CVCV,0.9444011142061282,0.901949860724234,0.9231754874651811,0,0
PRIME,27437,2534,9.235703611910923,5,0,0,1,2,3,0.4,CCVCV,CVCV,0.9399442896935934,0.8930362116991641,0.9164902506963788,0,0
AXIOM,24288,2382,9.807312252964428,5,0,0,1,3,2,0.6,VCVVC,VCVC,0.9491922005571031,0.9437325905292481,0.9464623955431756,0,0
BRAVE,24991,2396,9.587451482533712,5,0,0,1,2,3,0.4,CCVCV,CVCV,0.9406128133704735,0.8980501392757659,0.9193314763231197,0,0
AVERT,24749,2400,9.697361509555941,5,0,0,1,2,3,0.4,VCVCC,VCVC,0.9295821727019499,0.9253481894150417,0.9274651810584957,0,0
GLYPH,29208,2899,9.925362914270062,5,0,0,1,0,5,0.0,CCCCC,C,0.9601114206128134,0.9470752089136489,0.9535933147632312,0,0
THERE,27465,2530,9.211724012379392,4,1,1,2,2,3,0.4,CCVCV,CVCV,0.9217827298050139,0.8913649025069639,0.9065738161559889,0,0
BAKER,25576,2541,9.935095401939318,5,0,0,1,2,3,0.4,CVCVC,CVCVC,0.9394986072423398,0.9164345403899722,0.927966573816156,0,0
SNARL,27475,2650,9.64513193812557,5,0,0,1,1,4,0.2,CCVCC,CVC,0.9353760445682452,0.9086350974930362,0.9220055710306407,0,0
MAPLE,26536,2467,9.296804341272233,5,0,0,1,2,3,0.4,CVCCV,CVCV,0.9360445682451253,0.9002785515320333,0.9181615598885793,1,1
INANE,25085,2515,10.025911899541558,4,1,1,2,3,2,0.6,VCVCV,VCVCV,0.930807799442897,0.9058495821727022,0.9183286908077997,0,0
VALET,24660,2356,9.553933495539335,5,0,0,1,2,3,0.4,CVCVC,CVCVC,0.9320334261838441,0.9153203342618385,0.9236768802228412,0,0
MEDAL,25993,2438,9.379448313007348,5,0,0,1,2,3,0.4,CVCVC,CVCVC,0.937158774373259,0.9359331476323118,0.9365459610027854,0,0
UNITE,27467,2575,9.374886227108895,5,0,0,1,3,2,0.6,VCVCV,VCVCV,0.9367130919220056,0.9058495821727022,0.9212813370473538,0,0
RAINY,28984,2678,9.239580458183825,5,0,0,1,2,3,0.4,CVVCC,CVC,0.9393871866295266,0.8997214484679666,0.9195543175487466,0,0
SPELL,27213,2531,9.300701870429574,4,1,1,2,1,4,0.2,CCVCC,CVC,0.937715877437326,0.9220055710306406,0.9298607242339834,0,0
BEGIN,26096,2439,9.346259963212752,5,0,0,1,2,3,0.4,CVCVC,CVCVC,0.9491922005571031,0.9465181058495821,0.9478551532033426,1,1
STALE,31068,3013,9.698081627397965,5,0,0,1,2,3,0.4,CCVCV,CVCV,0.9251253481894152,0.8857938718662954,0.9054596100278554,1,1
DREAM,29743,2751,9.249235114144504,5,0,0,1,2,3,0.4,CCVVC,CVC,0.9347075208913649,0.9348189415041782,0.9347632311977716,0,0
PHOTO,27330,2565,9.38529088913282,4,1,1,2,2,3,0.4,CCVCV,CVCV,0.9409470752089136,0.9197771587743734,0.9303621169916435,0,0
ALOUD,29554,2819,9.538471949651486,5,0,0,1,3,2,0.6,VCVVC,VCVC,0.9418384401114206,0.916434540389972,0.9291364902506962,0,0
INEPT,27670,2640,9.541019154318757,5,0,0,1,2,3,0.4,VCVCC,VCVC,0.9367130919220056,0.9381615598885794,0.9374373259052925,0,0
PINEY,27502,3667,13.333575739946186,5,0,0,1,2,3,0.4,CVCVC,CVCVC,0.9444011142061282,0.9103064066852367,0.9273537604456824,0,0
APTLY,26498,2572,9.706392935315874,5,0,0,1,1,4,0.2,VCCCC,VC,0.9413927576601673,0.9303621169916434,0.9358774373259053,0,0
WALTZ,24672,2496,10.116731517509727,5,0,0,1,1,4,0.2,CVCCC,CVC,0.9514206128133706,0.9465181058495823,0.9489693593314765,0,0
LIBEL,25156,2536,10.081093973604707,4,1,1,2,2,3,0.4,CVCVC,CVCVC,0.9397214484679666,0.9381615598885794,0.9389415041782729,0,0
SNEAK,27905,2636,9.4463357821179,5,0,0,1,2,3,0.4,CCVVC,CVC,0.9383844011142062,0.9192200557103064,0.9288022284122563,0,0
CARRY,27609,2615,9.471549132529248,4,1,1,2,1,4,0.2,CVCCC,CVC,0.9376044568245125,0.9002785515320333,0.9189415041782729,0,0
FLOUT,30063,2904,9.659714599341383,5,0,0,1,2,3,0.4,CCVVC,CVC,0.947409470752089,0.9052924791086351,0.926350974930362,0,0
FOGGY,28953,2817,9.72956170345042,4,1,1,2,1,4,0.2,CVCCC,CVC,0.9633426183844012,0.9181058495821727,0.9407242339832869,0,0
FAULT,28947,2768,9.562303520226621,5,0,0,1,2,3,0.4,CVVCC,CVC,0.9445125348189416,0.9064066852367688,0.9254596100278552,0,0
MUMMY,29279,3021,10.317975340687866,3,1,1,3,1,4,0.2,CVCCC,CVC,0.9676880222841225,0.93983286908078,0.9537604456824513,0,0
SPIEL,29084,2810,9.661669646541053,5,0,0,1,2,3,0.4,CCVVC,CVC,0.9388300835654597,0.9036211699164346,0.9212256267409471,0,0
GROVE,28637,2794,9.756608583301324,5,0,0,1,2,3,0.4,CCVCV,CVCV,0.9412813370473538,0.8958217270194986,0.9185515320334262,0,0
DENIM,28741,2769,9.634320308966284,5,0,0,1,2,3,0.4,CVCVC,CVCVC,0.9461838440111421,0.9481894150417828,0.9471866295264624,0,0
QUIRK,28322,2794,9.865122519596074,5,0,0,1,2,3,0.4,CVVCC,CVC,0.9621169916434541,0.9392757660167131,0.9506963788300836,0,0
EXIST,28612,2805,9.80357891793653,5,0,0,1,2,3,0.4,VCVCC,VCVC,0.943175487465181,0.9298050139275766,0.9364902506963788,0,0
STEIN,31269,2965,9.482234801240844,5,0,0,1,2,3,0.4,CCVVC,CVC,0.9341504178272981,0.9253481894150418,0.9297493036211699,0,0
SPADE,30459,2854,9.36997275025444,5,0,0,1,2,3,0.4,CCVCV,CVCV,0.9389415041782729,0.8963788300835654,0.9176601671309192,0,0
CATCH,30403,3123,10.272012630332533,4,1,1,2,1,4,0.2,CVCCC,CVC,0.9439554317548746,0.9253481894150418,0.9346518105849582,0,0
FLOOR,28906,2752,9.52051477201965,4,1,1,2,2,3,0.4,CCVVC,CVC,0.9392757660167131,0.9075208913649024,0.9233983286908078,0,0
EQUAL,27197,2677,9.842997389417949,5,0,0,1,3,2,0.6,VCVVC,VCVC,0.9416155988857939,0.9470752089136489,0.9443454038997214,0,0
IONIC,29151,2947,10.109430208226133,4,1,1,2,3,2,0.6,VVCVC,VCVC,0.944623955431755,0.9376044568245125,0.9411142061281338,0,0
VALID,28575,2752,9.63079615048119,5,0,0,1,2,3,0.4,CVCVC,CVCVC,0.9496378830083566,0.9409470752089136,0.9452924791086351,0,0
ENJOY,26878,2654,9.874246595728849,5,0,0,1,2,3,0.4,VCCVC,VCVC,0.9476323119777159,0.9476323119777159,0.9476323119777159,0,0
HOWDY,28408,2668,9.391720642072656,5,0,0,1,1,4,0.2,CVCCC,CVC,0.9612256267409471,0.9309192200557103,0.9460724233983286,0,0
VIGOR,26905,2642,9.819736108530012,5,0,0,1,2,3,0.4,CVCVC,CVCVC,0.9504178272980501,0.9498607242339832,0.9501392757660166,0,0
DANDY,29026,2840,9.784331289189003,4,1,1,2,1,4,0.2,CVCCC,CVC,0.9536490250696378,0.9220055710306406,0.9378272980501392,0,0
SLOTH,32522,2987,9.184551995572228,5,0,0,1,1,4,0.2,CCVCC,CVC,0.940724233983287,0.8941504178272981,0.9174373259052926,0,0
MARCH,30935,2885,9.326006141910458,5,0,0,1,1,4,0.2,CVCCC,CVC,0.9454038997214484,0.9286908077994429,0.9370473537604457,1,1
BOUGH,32014,3060,9.55831823577185,5,0,0,1,2,3,0.4,CVVCC,CVC,0.9611142061281337,0.9247910863509748,0.9429526462395543,0,0
STING,32288,2969,9.195366699702676,5,0,0,1,1,4,0.2,CCVCC,CVC,0.9489693593314763,0.9208913649025071,0.9349303621169918,0,0
TWINE,30088,2775,9.222946024993353,5,0,0,1,2,3,0.4,CCVCV,CVCV,0.9405013927576602,0.9002785515320333,0.9203899721448467,0,0
LEAVE,28202,2696,9.559605701723282,4,1,1,2,3,2,0.6,CVVCV,CVCV,0.9260167130919219,0.9069637883008357,0.9164902506963788,0,0
SCORN,31223,2859,9.156711398648431,5,0,0,1,1,4,0.2,CCVCC,CVC,0.9427298050139277,0.9158774373259053,0.9293036211699165,0,0
SCALD,30477,2829,9.282409685992715,5,0,0,1,1,4,0.2,CCVCC,CVC,0.9460724233983286,0.92033426183844,0.9332033426183843,0,0
USURP,31355,3007,9.590177005262317,4,1,1,2,2,3,0.4,VCVCC,VCVC,0.953983286908078,0.9571030640668523,0.9555431754874651,0,0
SOGGY,30985,2888,9.320639018880103,4,1,1,2,1,4,0.2,CVCCC,CVC,0.9573259052924792,0.901949860724234,0.9296378830083566,0,0
BRISK,31706,2884,9.096070144452154,5,0,0,1,1,4,0.2,CCVCC,CVC,0.9566573816155989,0.9231197771587742,0.9398885793871865,0,0
ADMIT,28994,2677,9.232944747189073,5,0,0,1,2,3,0.4,VCCVC,VCVC,0.9442896935933149,0.9409470752089136,0.9426183844011142,0,0
GRATE,32777,3077,9.38768038563627,5,0,0,1,2,3,0.4,CCVCV,CVCV,0.9266852367688022,0.8902506963788301,0.9084679665738162,0,0
GLORY,31509,2893,9.18150369735631,5,0,0,1,1,4,0.2,CCVCC,CVC,0.9452924791086351,0.8958217270194986,0.9205571030640669,0,0
SAINT,34455,3119,9.052387171673198,5,0,0,1,2,3,0.4,CVVCC,CVC,0.9369359331476323,0.8802228412256268,0.9085793871866296,0,0
RECAP,31976,2900,9.069301976482363,5,0,0,1,2,3,0.4,CVCVC,CVCVC,0.9316991643454038,0.9504178272980501,0.941058495821727,0,0
ALIKE,31277,2843,9.089746459059372,5,0,0,1,3,2,0.6,VCVCV,VCVCV,0.9340389972144847,0.8896935933147632,0.9118662952646239,0,0
TRICE,35050,3430,9.78601997146933,5,0,0,1,2,3,0.4,CCVCV,CVCV,0.9306963788300836,0.8863509749303621,0.9085236768802228,0,0
STICK,33102,3038,9.177693190743762,5,0,0,1,1,4,0.2,CCVCC,CVC,0.9525348189415042,0.9192200557103064,0.9358774373259053,0,0
CHUTE,33418,3073,9.19564306661081,5,0,0,1,2,3,0.4,CCVCV,CVCV,0.9420612813370474,0.8919220055710305,0.9169916434540389,0,0
PARER,37309,4130,11.06971508215176,4,1,1,2,2,3,0.4,CVCVC,CVCVC,0.924791086350975,0.905849582172702,0.9153203342618385,0,0
DOUBT,33344,3011,9.030110364683301,5,0,0,1,2,3,0.4,CVVCC,CVC,0.9540947075208914,0.9225626740947075,0.9383286908077995,0,0
THYME,32142,2938,9.140688196129675,5,0,0,1,1,4,0.2,CCCCV,CV,0.9442896935933147,0.9114206128133706,0.9278551532033427,0,0
ALPHA,29497,2706,9.173814286198596,4,1,1,2,2,3,0.4,VCCCV,VCV,0.9371587743732592,0.9459610027855154,0.9415598885793873,0,0
BOOZE,29147,2883,9.891240951041274,4,1,1,2,3,2,0.6,CVVCV,CVCV,0.945849582172702,0.8902506963788301,0.9180501392757661,0,0
TIBIA,27887,2675,9.592283142682971,4,1,1,2,3,2,0.6,CVCVV,CVCV,0.9416155988857939,0.9481894150417828,0.9449025069637884,0,0
LOFTY,29237,2777,9.498238533365257,5,0,0,1,1,4,0.2,CVCCC,CVC,0.9477437325905292,0.9197771587743734,0.9337604456824513,0,0
THEME,32172,2909,9.042024120353103,4,1,1,2,2,3,0.4,CCVCV,CVCV,0.9305849582172702,0.8991643454038997,0.9148746518105849,0,0
CLASS,31962,3001,9.38927476378199,4,1,1,2,1,4,0.2,CCVCC,CVC,0.9423955431754875,0.9208913649025069,0.9316434540389972,0,0
LEERY,30992,2873,9.270134228187919,4,1,1,2,2,3,0.4,CVVCC,CVC,0.924791086350975,0.916991643454039,0.920891364902507,0,0
TAUNT,32734,3022,9.231991201808517,4,1,1,2,2,3,0.4,CVVCC,CVC,0.9363788300835655,0.9008356545961004,0.9186072423398329,0,0
WHOOP,32733,2970,9.073412152873248,4,1,1,2,2,3,0.4,CCVVC,CVC,0.9520891364902507,0.9337047353760447,0.9428969359331477,0,0
INTER,32018,2889,9.023049534636767,5,0,0,1,2,3,0.4,VCCVC,VCVC,0.9289136490250696,0.9342618384401113,0.9315877437325905,1,1
GULLY,31191,2877,9.223814561892855,4,1,1,2,1,4,0.2,CVCCC,CVC,0.9554317548746519,0.9353760445682452,0.9454038997214486,0,0
CHARM,35724,3149,8.81480237375434,5,0,0,1,1,4,0.2,CCVCC,CVC,0.9454038997214486,0.9192200557103064,0.9323119777158775,1,1
FUNGI,31903,2928,9.177820267686425,5,0,0,1,2,3,0.4,CVCCV,CVCV,0.9623398328690808,0.9554317548746518,0.9588857938718662,0,0
PRIZE,35343,3166,8.95792660498543,5,0,0,1,2,3,0.4,CCVCV,CVCV,0.9455153203342619,0.8997214484679666,0.9226183844011142,0,0
ONSET,33660,3009,8.93939393939394,5,0,0,1,2,3,0.4,VCCVC,VCVC,0.9306963788300836,0.9342618384401113,0.9324791086350974,0,0
CHIEF,34281,3072,8.961232169423296,5,0,0,1,2,3,0.4,CCVVC,CVC,0.9486350974930362,0.9130919220055711,0.9308635097493037,0,0
GAUZE,30214,2866,9.48566889521414,5,0,0,1,3,2,0.6,CVVCV,CVCV,0.9484122562674095,0.905849582172702,0.9271309192200557,0,0
RUDER,31241,2784,8.911366473544382,4,1,1,2,2,3,0.4,CVCVC,CVCVC,0.9364902506963789,0.9331476323119776,0.9348189415041783,0,0
IRONY,34716,3046,8.774052310173982,5,0,0,1,2,3,0.4,VCVCC,VCVC,0.942284122562674,0.9041782729805015,0.9232311977715877,0,0
CLOWN,36737,3175,8.642512997795139,5,0,0,1,1,4,0.2,CCVCC,CVC,0.9515320334261839,0.9186629526462395,0.9350974930362117,0,0
NEEDY,33700,2927,8.68545994065282,4,1,1,2,2,3,0.4,CVVCC,CVC,0.9363788300835655,0.9325905292479109,0.9344846796657382,0,0
WOVEN,33549,2933,8.742436436257414,5,0,0,1,2,3,0.4,CVCVC,CVCVC,0.9487465181058496,0.928133704735376,0.9384401114206129,0,0
MERIT,35888,3123,8.702073116362016,5,0,0,1,2,3,0.4,CVCVC,CVCVC,0.932590529247911,0.9236768802228411,0.928133704735376,0,0
WASTE,35617,3186,8.945166633910773,5,0,0,1,2,3,0.4,CVCCV,CVCV,0.9342618384401116,0.9069637883008358,0.9206128133704736,0,0
TREAT,38245,3249,8.495228134396653,4,1,1,2,2,3,0.4,CCVVC,CVC,0.917883008356546,0.9030640668523677,0.9104735376044568,0,0
SHRUG,33965,2987,8.79434712203739,5,0,0,1,1,4,0.2,CCCVC,CVC,0.9547632311977716,0.9325905292479109,0.9436768802228412,0,0
TWANG,34938,3172,9.078939836281414,5,0,0,1,1,4,0.2,CCVCC,CVC,0.9489693593314763,0.9376044568245125,0.9432869080779944,0,0
TWICE,35815,3173,8.859416445623342,5,0,0,1,2,3,0.4,CCVCV,CVCV,0.942284122562674,0.9036211699164346,0.9229526462395543,0,0
GRUEL,35105,3087,8.793619142572282,5,0,0,1,2,3,0.4,CCVVC,CVC,0.9392757660167131,0.916991643454039,0.9281337047353762,0,0
POKER,35376,3180,8.989145183175033,5,0,0,1,2,3,0.4,CVCVC,CVCVC,0.9387186629526463,0.9130919220055709,0.9259052924791086,0,0
KHAKI,31652,2968,9.376974598761532,4,1,1,2,2,3,0.4,CCVCV,CVCV,0.9553203342618384,0.9487465181058496,0.952033426183844,0,0
HUNKY,35276,3185,9.028801451411725,5,0,0,1,1,4,0.2,CVCCC,CVC,0.9645682451253481,0.9381615598885794,0.9513649025069637,0,0
LABEL,34198,3076,8.994678051348032,4,1,1,2,2,3,0.4,CVCVC,CVCVC,0.9333704735376045,0.924233983286908,0.9288022284122562,0,0
GLEAN,37301,3243,8.69413688641055,5,0,0,1,2,3,0.4,CCVVC,CVC,0.9338161559888579,0.9242339832869082,0.929025069637883,0,0
CLING,37654,3312,8.795878259945821,5,0,0,1,1,4,0.2,CCVCC,CVC,0.9526462395543176,0.9153203342618385,0.933983286908078,0,0
PATTY,36223,3019,8.334483615382492,4,1,1,2,1,4,0.2,CVCCC,CVC,0.9393871866295266,0.9108635097493037,0.9251253481894152,0,0
UNFIT,35516,3187,8.973420430228629,5,0,0,1,2,3,0.4,VCCVC,VCVC,0.9535376044568246,0.9454038997214486,0.9494707520891366,0,0
SMEAR,36223,3190,8.80655936835712,5,0,0,1,2,3,0.4,CCVVC,CVC,0.9310306406685237,0.9147632311977716,0.9228969359331476,0,0
ALIEN,38841,3395,8.74076362606524,5,0,0,1,3,2,0.6,VCVVC,VCVC,0.928133704735376,0.9036211699164346,0.9158774373259053,0,0
BUGGY,37350,3428,9.178045515394913,4,1,1,2,1,4,0.2,CVCCC,CVC,0.9712534818941505,0.9381615598885794,0.9547075208913649,0,0
RHYME,37229,3336,8.960756399580971,5,0,0,1,1,4,0.2,CCCCV,CV,0.9438440111420613,0.9208913649025071,0.9323676880222842,0,0
YOUTH,38381,3327,8.66835152809984,5,0,0,1,2,3,0.4,CVVCC,CVC,0.9489693593314763,0.9286908077994429,0.9388300835654596,0,0
COYLY,34909,3380,9.682316881033543,4,1,1,2,1,4,0.2,CVCCC,CVC,0.9510863509749304,0.9080779944289693,0.9295821727019499,0,0
QUART,36662,3303,9.009328459985817,5,0,0,1,2,3,0.4,CVVCC,CVC,0.9451810584958217,0.9231197771587742,0.9341504178272979,0,0
CRAMP,39250,3369,8.58343949044586,5,0,0,1,1,4,0.2,CCVCC,CVC,0.9460724233983286,0.9242339832869082,0.9351532033426184,0,0
BLUFF,37353,3171,8.489277969640993,4,1,1,2,1,4,0.2,CCVCC,CVC,0.9695821727019499,0.9459610027855152,0.9577715877437325,0,0
UPSET,37791,3213,8.502024291497975,5,0,0,1,2,3,0.4,VCCVC,VCVC,0.9410584958217271,0.9353760445682451,0.938217270194986,0,0
STOMP,40650,3490,8.585485854858549,5,0,0,1,1,4,0.2,CCVCC,CVC,0.9477437325905292,0.9231197771587745,0.9354317548746518,0,0
MOTTO,38384,3285,8.558253438932889,3,2,1,2,2,3,0.4,CVCCV,CVCV,0.9352646239554318,0.932033426183844,0.9336490250696379,0,0
CINCH,39171,3507,8.953052002757142,4,1,1,2,1,4,0.2,CVCCC,CVC,0.9549860724233984,0.9337047353760447,0.9443454038997215,0,0
ELOPE,39228,3339,8.511777301927195,4,1,1,2,3,2,0.6,VCVCV,VCVCV,0.9245682451253481,0.8980501392757659,0.911309192200557,0,0
POWER,39813,3401,8.54243588777535,5,0,0,1,2,3,0.4,CVCVC,CVCVC,0.9392757660167131,0.9125348189415041,0.9259052924791087,0,0
MIDGE,36769,3111,8.460931763170061,5,0,0,1,2,3,0.4,CVCCV,CVCV,0.9503064066852367,0.9197771587743734,0.935041782729805,0,0
TRYST,43099,3665,8.503677579526208,4,1,1,2,0,5,0.0,CCCCC,C,0.9396100278551532,0.9208913649025069,0.9302506963788301,0,0
APHID,39086,3367,8.614337614491122,5,0,0,1,2,3,0.4,VCCVC,VCVC,0.9499721448467968,0.9532033426183844,0.9515877437325906,0,0
TRITE,42237,3685,8.724577976655539,4,1,1,2,2,3,0.4,CCVCV,CVCV,0.9242339832869082,0.8824512534818943,0.9033426183844013,0,0
ANGRY,39667,3358,8.465475080041344,5,0,0,1,1,4,0.2,VCCCC,VC,0.9450696378830085,0.9264623955431756,0.935766016713092,0,0
FLOCK,42574,3548,8.33372480856861,5,0,0,1,1,4,0.2,CCVCC,CVC,0.9571030640668523,0.9164345403899722,0.9367688022284122,0,0
WACKY,39611,3345,8.444623968089672,5,0,0,1,1,4,0.2,CVCCC,CVC,0.9602228412256266,0.9286908077994429,0.9444568245125348,0,0
ROOMY,38769,3280,8.46036781964972,4,1,1,2,2,3,0.4,CVVCC,CVC,0.9425069637883009,0.9008356545961004,0.9216713091922006,0,0
WEDGE,39234,3353,8.546158943773257,4,1,1,2,2,3,0.4,CVCCV,CVCV,0.9439554317548746,0.9220055710306407,0.9329805013927577,0,0
LIVER,40549,3388,8.355323189227848,5,0,0,1,2,3,0.4,CVCVC,CVCVC,0.9379387186629525,0.932033426183844,0.9349860724233983,0,0
BLAND,46246,3727,8.059075379492281,5,0,0,1,1,4,0.2,CCVCC,CVC,0.9505292479108636,0.9158774373259053,0.9332033426183844,0,0
NIGHT,46910,3870,8.24984011937753,5,0,0,1,1,4,0.2,CVCCC,CVC,0.9508635097493036,0.950974930362117,0.9509192200557103,0,0
MADAM,40545,3430,8.45973609569614,3,2,1,2,2,3,0.4,CVCVC,CVCVC,0.9462952646239554,0.9342618384401113,0.9402785515320333,0,0
BERTH,41785,3494,8.361852339356227,5,0,0,1,1,4,0.2,CVCCC,CVC,0.9388300835654595,0.9359331476323118,0.9373816155988857,0,0
STEAD,47094,3933,8.35138234169958,5,0,0,1,2,3,0.4,CCVVC,CVC,0.9315877437325906,0.9186629526462395,0.925125348189415,0,0
VOICE,42806,3484,8.139045928140915,5,0,0,1,3,2,0.6,CVVCV,CVCV,0.9425069637883008,0.8919220055710306,0.9172144846796657,0,0
AGAPE,43407,3671,8.457161287349967,4,1,1,2,3,2,0.6,VCVCV,VCVCV,0.9312534818941505,0.9142061281337046,0.9227298050139275,0,0
FLUFF,47344,4049,8.552298073673539,3,1,1,3,1,4,0.2,CCVCC,CVC,0.969359331476323,0.9448467966573816,0.9571030640668523,0,0
FIELD,44578,3604,8.084705460092422,5,0,0,1,2,3,0.4,CVVCC,CVC,0.9459610027855152,0.9337047353760447,0.93983286908078,0,0
SEVER,42645,3591,8.42068237776996,4,1,1,2,2,3,0.4,CVCVC,CVCVC,0.9315877437325906,0.9080779944289693,0.91983286908078,0,0
LILAC,40486,3461,8.548634095736798,4,1,1,2,2,3,0.4,CVCVC,CVCVC,0.9379387186629525,0.954874651810585,0.9464066852367687,0,0
EGRET,41765,3515,8.416137914521729,4,1,1,2,2,3,0.4,VCCVC,VCVC,0.923899721448468,0.9325905292479109,0.9282451253481894,0,0
PINTO,47248,3792,8.025736539112767,5,0,0,1,2,3,0.4,CVCCV,CVCV,0.9423955431754875,0.9403899721448468,0.9413927576601671,1,1
HUTCH,44212,3758,8.499954763412648,4,1,1,2,1,4,0.2,CVCCC,CVC,0.9547632311977715,0.954874651810585,0.9548189415041782,0,0
GAWKY,45645,3957,8.669076569175155,5,0,0,1,1,4,0.2,CVCCC,CVC,0.9625626740947075,0.9275766016713092,0.9450696378830084,0,0
DROLL,47312,3844,8.124788637132228,4,1,1,2,1,4,0.2,CCVCC,CVC,0.9392757660167131,0.9181058495821727,0.9286908077994429,0,0
RETRO,47986,3848,8.019005543283457,4,1,1,2,2,3,0.4,CVCCV,CVCV,0.92033426183844,0.9476323119777159,0.933983286908078,0,0
RUSTY,50450,3954,7.837462834489593,5,0,0,1,1,4,0.2,CVCCC,CVC,0.9469637883008357,0.9364902506963789,0.9417270194986074,0,0
BEADY,46089,3670,7.962854477207143,5,0,0,1,2,3,0.4,CVVCC,CVC,0.9455153203342619,0.9175487465181058,0.9315320334261838,0,0
SMITE,50617,3991,7.884702767844795,5,0,0,1,2,3,0.4,CCVCV,CVCV,0.9378272980501393,0.8880222841225628,0.912924791086351,0,0
BRINK,53111,4118,7.7535727062190505,5,0,0,1,1,4,0.2,CCVCC,CVC,0.9565459610027857,0.92033426183844,0.9384401114206129,0,0
AWFUL,47645,3861,8.10368349249659,5,0,0,1,2,3,0.4,VCCVC,VCVC,0.9556545961002787,0.9598885793871865,0.9577715877437326,0,0
GLOAT,53342,4194,7.86247234824341,5,0,0,1,2,3,0.4,CCVVC,CVC,0.9348189415041782,0.8963788300835654,0.9155988857938718,0,0
INPUT,50484,3950,7.824261152048173,5,0,0,1,2,3,0.4,VCCVC,VCVC,0.95008356545961,0.9459610027855152,0.9480222841225626,0,0
LOSER,55359,4399,7.946314059141242,5,0,0,1,2,3,0.4,CVCVC,CVCVC,0.9275766016713092,0.9164345403899722,0.9220055710306407,0,0
CACAO,47205,4101,8.687639021290119,3,2,1,2,3,2,0.6,CVCVV,CVCV,0.9337047353760447,0.9264623955431756,0.9300835654596101,0,0
BLOWN,54665,4251,7.776456599286563,5,0,0,1,1,4,0.2,CCVCC,CVC,0.956100278551532,0.9259052924791085,0.9410027855153202,0,0
APRON,53430,4112,7.69605090772974,5,0,0,1,2,3,0.4,VCCVC,VCVC,0.935598885793872,0.9487465181058494,0.9421727019498607,0,0
PRIMO,55989,4391,7.842611941631391,5,0,0,1,2,3,0.4,CCVCV,CVCV,0.9456267409470753,0.9275766016713092,0.9366016713091923,0,0
ATONE,59968,4762,7.94090181430096,5,0,0,1,3,2,0.6,VCVCV,VCVCV,0.9226740947075209,0.8935933147632312,0.9081337047353761,0,0
DONOR,53802,4142,7.698598565109103,4,1,1,2,2,3,0.4,CVCVC,CVCVC,0.9396100278551532,0.9231197771587742,0.9313649025069637,0,0
FLOAT,56684,4323,7.626490720485498,5,0,0,1,2,3,0.4,CCVVC,CVC,0.9368245125348189,0.8935933147632312,0.9152089136490251,1,1
GOOSE,51958,4087,7.86596866700027,4,1,1,2,3,2,0.6,CVVCV,CVCV,0.9344846796657382,0.8818941504178273,0.9081894150417827,0,0
PIETY,55376,4324,7.808436867957237,5,0,0,1,2,3,0.4,CVVCC,CVC,0.9397214484679667,0.9153203342618385,0.9275208913649026,0,0
GIRTH,60020,4665,7.772409196934356,5,0,0,1,1,4,0.2,CVCCC,CVC,0.9457381615598885,0.9403899721448468,0.9430640668523677,0,0
TRAIT,61026,4607,7.549241306983909,4,1,1,2,2,3,0.4,CCVVC,CVC,0.9270194986072424,0.9002785515320335,0.913649025069638,0,0
FLOOD,58991,4440,7.5265718499432115,4,1,1,2,2,3,0.4,CCVVC,CVC,0.9481894150417828,0.9158774373259053,0.9320334261838441,0,0
GLOOM,58478,4548,7.777283764834639,4,1,1,2,2,3,0.4,CCVVC,CVC,0.9460724233983286,0.9259052924791087,0.9359888579387187,0,0
DEPTH,56738,4329,7.629807183897917,5,0,0,1,1,4,0.2,CVCCC,CVC,0.9440668523676881,0.9437325905292479,0.9438997214484679,0,0
FROTH,58263,4432,7.606886016854608,5,0,0,1,1,4,0.2,CCVCC,CVC,0.9442896935933147,0.9130919220055711,0.9286908077994429,0,0
PEACH,65431,4957,7.57591967110391,5,0,0,1,2,3,0.4,CVVCC,CVC,0.9388300835654595,0.9253481894150418,0.9320891364902506,0,0
SHOWY,61278,4770,7.7841966121609705,5,0,0,1,1,4,0.2,CCVCC,CVC,0.9575487465181058,0.8952646239554317,0.9264066852367687,0,0
CREAK,63241,4797,7.585269050141521,5,0,0,1,2,3,0.4,CCVVC,CVC,0.9349303621169917,0.9181058495821727,0.9265181058495822,0,0
MANOR,62768,4802,7.650395105786388,5,0,0,1,2,3,0.4,CVCVC,CVCVC,0.9366016713091921,0.92033426183844,0.928467966573816,0,0
ATOLL,60969,4741,7.776082927389329,4,1,1,2,2,3,0.4,VCVCC,VCVC,0.9280222841225628,0.9220055710306406,0.9250139275766017,0,0
BAYOU,56839,4435,7.802741075669875,5,0,0,1,3,2,0.6,CVCVV,CVCV,0.95008356545961,0.9476323119777159,0.948857938718663,0,0
CREPT,60069,4562,7.594599543857897,5,0,0,1,1,4,0.2,CCVCC,CVC,0.9349303621169917,0.9142061281337048,0.9245682451253483,0,0
TIARA,63846,4842,7.583873696081195,4,1,1,2,3,2,0.6,CVVCV,CVCV,0.9237883008356546,0.9253481894150418,0.9245682451253482,0,0
ASSET,63188,4733,7.490346268278787,4,1,1,2,2,3,0.4,VCCVC,VCVC,0.9279108635097494,0.928133704735376,0.9280222841225627,0,0
VOUCH,62723,4835,7.708496085965276,5,0,0,1,2,3,0.4,CVVCC,CVC,0.9594428969359331,0.9303621169916434,0.9449025069637882,0,0
ALBUM,63380,4809,7.587567055853582,5,0,0,1,2,3,0.4,VCCVC,VCVC,0.9530919220055711,0.9470752089136489,0.95008356545961,0,0
HINGE,66431,4906,7.385106350950609,5,0,0,1,2,3,0.4,CVCCV,CVCV,0.9448467966573816,0.9186629526462398,0.9317548746518107,0,0
MONEY,67909,4928,7.256770089384323,5,0,0,1,2,3,0.4,CVCVC,CVCVC,0.941949860724234,0.8963788300835654,0.9191643454038998,0,0
SCRAP,66814,4973,7.443050857604694,5,0,0,1,1,4,0.2,CCCVC,CVC,0.9425069637883009,0.9359331476323121,0.9392200557103065,0,0
GAMER,69884,5238,7.495277889073322,5,0,0,1,2,3,0.4,CVCVC,CVCVC,0.9350417827298051,0.9164345403899722,0.9257381615598886,0,0
GLASS,70920,5162,7.278623801466441,4,1,1,2,1,4,0.2,CCVCC,CVC,0.9447353760445683,0.9298050139275766,0.9372701949860724,0,0
SCOUR,73933,5544,7.498681238418568,5,0,0,1,2,3,0.4,CCVVC,CVC,0.9454038997214484,0.9158774373259053,0.9306406685236769,0,0
BEING,70722,5142,7.270721981844405,5,0,0,1,2,3,0.4,CVVCC,CVC,0.9491922005571031,0.9303621169916434,0.9397771587743733,1,1
DELVE,68349,5179,7.577287158553893,4,1,1,2,2,3,0.4,CVCCV,CVCV,0.937715877437326,0.9264623955431756,0.9320891364902508,0,0
YIELD,67115,4963,7.394770170602697,5,0,0,1,2,3,0.4,CVVCC,CVC,0.9428412256267409,0.9448467966573816,0.9438440111420612,0,0
METAL,73225,5290,7.224308637760328,5,0,0,1,2,3,0.4,CVCVC,CVCVC,0.9286908077994429,0.9353760445682451,0.932033426183844,0,0
TIPSY,77585,5522,7.117355158858027,5,0,0,1,1,4,0.2,CVCCC,CVC,0.9505292479108635,0.9236768802228413,0.9371030640668524,0,0
SLUNG,75673,5419,7.16107462370991,5,0,0,1,1,4,0.2,CCVCC,CVC,0.955208913649025,0.9142061281337048,0.9347075208913649,0,0
FARCE,79446,5688,7.1595800921380555,5,0,0,1,2,3,0.4,CVCCV,CVCV,0.9351532033426183,0.8980501392757659,0.9166016713091921,0,0
GECKO,74412,5489,7.376498414234263,5,0,0,1,2,3,0.4,CVCCV,CVCV,0.9470752089136489,0.9576601671309192,0.952367688022284,0,0
SHINE,88932,6146,6.910898214366032,5,0,0,1,2,3,0.4,CCVCV,CVCV,0.9408356545961004,0.8735376044568245,0.9071866295264625,0,0
CANNY,72518,5256,7.247855704790535,4,1,1,2,1,4,0.2,CVCCC,CVC,0.9478551532033427,0.9002785515320335,0.924066852367688,0,0
MIDST,74458,5233,7.0281232372612745,5,0,0,1,1,4,0.2,CVCCC,CVC,0.9523119777158774,0.932033426183844,0.9421727019498607,0,0
BADGE,76292,5482,7.185550254286163,5,0,0,1,2,3,0.4,CVCCV,CVCV,0.9466295264623955,0.9058495821727017,0.9262395543175486,0,0
HOMER,85979,6313,7.342490608171763,5,0,0,1,2,3,0.4,CVCVC,CVCVC,0.9358217270194986,0.9181058495821727,0.9269637883008357,0,0
TRAIN,107750,7243,6.722041763341068,5,0,0,1,2,3,0.4,CCVVC,CVC,0.9316991643454038,0.916991643454039,0.9243454038997214,0,0
HAIRY,85817,5941,6.922870759872753,5,0,0,1,2,3,0.4,CVVCC,CVC,0.9413927576601673,0.8991643454038997,0.9202785515320335,0,0
STORY,95643,6530,6.827472998546678,5,0,0,1,1,4,0.2,CCVCC,CVC,0.9392757660167131,0.8924791086350975,0.9158774373259053,0,0
FORGO,77658,5699,7.338587138478972,4,1,1,2,2,3,0.4,CVCCV,CVCV,0.9460724233983289,0.9331476323119776,0.9396100278551532,0,0
LARVA,77991,5749,7.371363362439255,4,1,1,2,2,3,0.4,CVCCV,CVCV,0.9343732590529248,0.9442896935933147,0.9393314763231198,0,0
TRASH,106652,7001,6.5643400967633045,5,0,0,1,1,4,0.2,CCVCC,CVC,0.9353760445682451,0.9158774373259053,0.9256267409470752,0,0
ZESTY,88974,6315,7.097579068042349,5,0,0,1,1,4,0.2,CVCCC,CVC,0.9479665738161561,0.9370473537604458,0.942506963788301,0,0
SHOWN,98967,6564,6.632513868259117,5,0,0,1,1,4,0.2,CCVCC,CVC,0.9545403899721447,0.9136490250696377,0.9340947075208912,0,0
HEIST,103153,6830,6.62123253807451,5,0,0,1,2,3,0.4,CVVCC,CVC,0.9361559888579387,0.9164345403899722,0.9262952646239555,0,0
ASKEW,91548,6549,7.1536243282212615,5,0,0,1,2,3,0.4,VCCVC,VCVC,0.9448467966573816,0.9543175487465181,0.9495821727019498,0,0
INERT,97452,6743,6.919303862414317,5,0,0,1,2,3,0.4,VCVCC,VCVC,0.9289136490250696,0.9264623955431756,0.9276880222841226,1,1
OLIVE,95562,6482,6.783030911868734,5,0,0,1,3,2,0.6,VCVCV,VCVCV,0.938050139275766,0.9036211699164344,0.9208356545961002,0,0
PLANT,119232,7731,6.483997584541062,5,0,0,1,1,4,0.2,CCVCC,CVC,0.9383844011142062,0.8997214484679666,0.9190529247910864,0,0
OXIDE,97955,6960,7.105303455668419,5,0,0,1,3,2,0.6,VCVCV,VCVCV,0.9465181058495821,0.9253481894150418,0.935933147632312,0,0
CARGO,102007,6796,6.662287882204162,5,0,0,1,2,3,0.4,CVCCV,CVCV,0.9388300835654597,0.9286908077994429,0.9337604456824513,0,0
FOYER,108899,8198,7.528076474531447,5,0,0,1,2,3,0.4,CVCVC,CVCVC,0.9392757660167131,0.9114206128133704,0.9253481894150417,0,0
FLAIR,112383,7341,6.532126745148288,5,0,0,1,2,3,0.4,CCVVC,CVC,0.93983286908078,0.9080779944289693,0.9239554317548746,0,0
AMPLE,106681,7008,6.569117274866191,5,0,0,1,2,3,0.4,VCCCV,VCV,0.9360445682451253,0.9192200557103064,0.9276323119777159,1,1
CHEEK,107987,7035,6.514673062498264,4,1,1,2,2,3,0.4,CCVVC,CVC,0.9392757660167131,0.913649025069638,0.9264623955431756,0,0
SHAME,129991,8522,6.555838481125617,5,0,0,1,2,3,0.4,CCVCV,CVCV,0.9381615598885794,0.8802228412256266,0.9091922005571029,0,0
MINCE,113448,7356,6.484027924687963,5,0,0,1,2,3,0.4,CVCCV,CVCV,0.9441782729805015,0.9114206128133706,0.927799442896936,0,0
CHUNK,123255,7835,6.356740091679851,5,0,0,1,1,4,0.2,CCVCC,CVC,0.9633426183844012,0.924233983286908,0.9437883008356546,0,0
ROYAL,114907,7275,6.331206976076305,5,0,0,1,2,3,0.4,CVCVC,CVCVC,0.933259052924791,0.9292479108635098,0.9312534818941505,0,0
SQUAD,109828,7236,6.588483811050006,5,0,0,1,2,3,0.4,CCVVC,CVC,0.9588857938718662,0.9264623955431756,0.942674094707521,0,0
BLACK,126241,7894,6.253119034228183,5,0,0,1,1,4,0.2,CCVCC,CVC,0.9544289693593315,0.9214484679665738,0.9379387186629526,0,0
STAIR,134210,8537,6.360926905595708,5,0,0,1,2,3,0.4,CCVVC,CVC,0.9318105849582172,0.9075208913649024,0.9196657381615598,0,0
SCARE,141158,9010,6.382918431828164,5,0,0,1,2,3,0.4,CCVCV,CVCV,0.9291364902506963,0.8880222841225628,0.9085793871866296,0,0
FORAY,117761,7575,6.432520104279006,5,0,0,1,2,3,0.4,CVCVC,CVCVC,0.9420612813370474,0.9036211699164346,0.922841225626741,0,0
COMMA,117856,7560,6.41460765680152,4,1,1,2,2,3,0.4,CVCCV,CVCV,0.9471866295264624,0.9359331476323121,0.9415598885793872,0,0
NATAL,121356,7702,6.346616566135997,4,1,1,2,2,3,0.4,CVCVC,CVCVC,0.9277994428969359,0.932033426183844,0.92991643454039,0,0
SHAWL,129651,7943,6.126447154283422,5,0,0,1,1,4,0.2,CCVCC,CVC,0.9489693593314763,0.9130919220055711,0.9310306406685237,0,0
FEWER,124532,7931,6.3686442038994,4,1,1,2,2,3,0.4,CVCVC,CVCVC,0.9370473537604458,0.9259052924791085,0.9314763231197771,0,0
TROPE,155079,9315,6.006615982821659,5,0,0,1,2,3,0.4,CCVCV,CVCV,0.928133704735376,0.8896935933147632,0.9089136490250695,0,0
SNOUT,144648,8913,6.161854985896797,5,0,0,1,2,3,0.4,CCVVC,CVC,0.9440668523676881,0.9030640668523677,0.9235654596100279,0,0
LOWLY,135219,8469,6.263173074789785,4,1,1,2,1,4,0.2,CVCCC,CVC,0.95008356545961,0.9208913649025071,0.9354874651810585,0,0
STOVE,158139,9318,5.892284635668621,5,0,0,1,2,3,0.4,CCVCV,CVCV,0.937715877437326,0.8896935933147632,0.9137047353760446,0,0
SHALL,149070,8494,5.697994230898236,4,1,1,2,1,4,0.2,CCVCC,CVC,0.93983286908078,0.9025069637883009,0.9211699164345404,0,0
FOUND,173696,10613,6.110100405305822,5,0,0,1,2,3,0.4,CVVCC,CVC,0.9585515320334264,0.9181058495821727,0.9383286908077995,0,0
NYMPH,165468,9935,6.00418207750139,5,0,0,1,0,5,0.0,CCCCC,C,0.9623398328690808,0.9760445682451252,0.969192200557103,0,0
EPOXY,149507,9376,6.271278267907188,5,0,0,1,2,3,0.4,VCVCC,VCVC,0.9499721448467968,0.932033426183844,0.9410027855153205,0,0
DEPOT,150197,8562,5.700513325832074,5,0,0,1,2,3,0.4,CVCVC,CVCVC,0.9370473537604458,0.9348189415041783,0.9359331476323121,0,0
CHEST,169066,9318,5.511457064105143,5,0,0,1,1,4,0.2,CCVCC,CVC,0.9394986072423398,0.909192200557103,0.9243454038997214,0,0
PURGE,156785,8555,5.4565168861817135,5,0,0,1,2,3,0.4,CVCCV,CVCV,0.9446239554317548,0.916991643454039,0.9308077994428969,0,0
SLOSH,160161,8807,5.4988417904483615,4,1,1,2,1,4,0.2,CCVCC,CVC,0.9455153203342619,0.8974930362116991,0.9215041782729805,0,0
THEIR,173636,9200,5.298440415582022,5,0,0,1,2,3,0.4,CCVVC,CVC,0.9309192200557103,0.9158774373259053,0.9233983286908078,0,0
RENEW,154987,8417,5.430778065257086,4,1,1,2,2,3,0.4,CVCVC,CVCVC,0.9309192200557103,0.9387186629526463,0.9348189415041783,0,0
ALLOW,156311,8515,5.447473306421173,4,1,1,2,2,3,0.4,VCCVC,VCVC,0.9391643454038998,0.9448467966573816,0.9420055710306408,0,0
SAUTE,179830,9304,5.1737752321637105,5,0,0,1,3,2,0.6,CVVCV,CVCV,0.9304735376044568,0.8735376044568245,0.9020055710306407,0,0
MOVIE,169071,8847,5.232712883936334,5,0,0,1,3,2,0.6,CVCVV,CVCV,0.9444011142061282,0.9025069637883008,0.9234540389972145,0,0
CATER,217856,11234,5.156617215041128,5,0,0,1,2,3,0.4,CVCVC,CVCVC,0.9243454038997214,0.9041782729805015,0.9142618384401114,0,0
TEASE,202855,10024,4.94146064923221,4,1,1,2,3,2,0.6,CVVCV,CVCV,0.9171030640668523,0.8913649025069639,0.9042339832869081,0,0
SMELT,185406,9373,5.055391950638059,5,0,0,1,1,4,0.2,CCVCC,CVC,0.9367130919220056,0.9125348189415042,0.9246239554317549,0,0
FOCUS,179436,8937,4.98060589848191,5,0,0,1,2,3,0.4,CVCVC,CVCVC,0.9566573816155989,0.9470752089136489,0.951866295264624,0,0
TODAY,192049,9353,4.870111273685362,5,0,0,1,2,3,0.4,CVCVC,CVCVC,0.9401671309192201,0.9036211699164346,0.9218941504178273,0,0
WATCH,226349,12400,5.478265863776734,5,0,0,1,1,4,0.2,CVCCC,CVC,0.9486350974930362,0.9376044568245124,0.9431197771587743,0,0
LAPSE,208884,9960,4.768196702476015,5,0,0,1,2,3,0.4,CVCCV,CVCV,0.9324791086350975,0.905849582172702,0.9191643454038998,0,0
MONTH,201799,9435,4.675444377821496,5,0,0,1,1,4,0.2,CVCCC,CVC,0.9469637883008357,0.9214484679665738,0.9342061281337047,0,0
SWEET,207473,9767,4.70760050705393,4,1,1,2,2,3,0.4,CCVVC,CVC,0.9314763231197771,0.901949860724234,0.9167130919220056,0,0
HOARD,218595,9823,4.493698392003477,5,0,0,1,2,3,0.4,CVVCC,CVC,0.9387186629526463,0.9142061281337046,0.9264623955431754,0,0
CLOTH,218595,9911,4.5339554884603945,5,0,0,1,1,4,0.2,CCVCC,CVC,0.9423955431754875,0.9041782729805015,0.9232869080779944,0,0
BRINE,229895,10405,4.525979251397377,5,0,0,1,2,3,0.4,CCVCV,CVCV,0.9399442896935934,0.8885793871866294,0.9142618384401114,0,0
AHEAD,203730,9396,4.61198645265793,4,1,1,2,3,2,0.6,VCVVC,VCVC,0.9302506963788302,0.9208913649025069,0.9255710306406686,0,0
MOURN,240018,10465,4.360089659942171,5,0,0,1,2,3,0.4,CVVCC,CVC,0.9471866295264624,0.9197771587743733,0.9334818941504178,0,0
NASTY,257304,10813,4.202422037745236,5,0,0,1,1,4,0.2,CVCCC,CVC,0.9415041782729805,0.9231197771587745,0.9323119777158775,0,0
RUPEE,240137,10577,4.404569058495776,4,1,1,2,3,2,0.6,CVCVV,CVCV,0.9298050139275766,0.9108635097493035,0.92033426183844,0,0
CHOKE,251094,10521,4.190064278716337,5,0,0,1,2,3,0.4,CCVCV,CVCV,0.944958217270195,0.8885793871866294,0.9167688022284122,0,0
CHANT,250413,10438,4.168313945362261,5,0,0,1,1,4,0.2,CCVCC,CVC,0.9421727019498608,0.8991643454038998,0.9206685236768803,0,0
SPILL,248363,10087,4.061394007964149,4,1,1,2,1,4,0.2,CCVCC,CVC,0.9468523676880224,0.9142061281337048,0.9305292479108636,0,0
VIVID,255907,11687,4.566893441758139,3,2,1,2,2,3,0.4,CVCVC,CVCVC,0.9656824512534818,0.9554317548746518,0.9605571030640668,0,0
BLOKE,250674,10405,4.150809417809585,5,0,0,1,2,3,0.4,CCVCV,CVCV,0.9448467966573816,0.8908077994428968,0.9178272980501392,0,0
TROVE,277576,11411,4.11094619131337,5,0,0,1,2,3,0.4,CCVCV,CVCV,0.9324791086350975,0.8885793871866294,0.9105292479108635,0,0
THORN,306356,11814,3.856297901787463,5,0,0,1,1,4,0.2,CCVCC,CVC,0.9381615598885794,0.9119777158774373,0.9250696378830083,0,0
OTHER,278731,10887,3.9059164570858638,5,0,0,1,2,3,0.4,VCCVC,VCVC,0.9274651810584957,0.9454038997214484,0.9364345403899721,0,0
TACIT,273306,11094,4.059186406445522,4,1,1,2,2,3,0.4,CVCVC,CVCVC,0.9339275766016714,0.9130919220055711,0.9235097493036213,0,0
SWILL,282327,11241,3.981553305209916,4,1,1,2,1,4,0.2,CCVCC,CVC,0.9506406685236769,0.916991643454039,0.933816155988858,0,0
DODGE,265238,10220,3.853143214773147,4,1,1,2,2,3,0.4,CVCCV,CVCV,0.9469637883008357,0.9086350974930362,0.9277994428969359,0,0
SHAKE,342003,12767,3.733008189986638,5,0,0,1,2,3,0.4,CCVCV,CVCV,0.9403899721448468,0.8824512534818941,0.9114206128133704,0,0
CAULK,289721,10740,3.7070146796400674,5,0,0,1,2,3,0.4,CVVCC,CVC,0.9507520891364903,0.916991643454039,0.9338718662952648,0,0
AROMA,287836,10343,3.5933656665601243,4,1,1,2,3,2,0.6,VCVCV,VCVCV,0.9286908077994429,0.9225626740947076,0.9256267409470753,0,0
CYNIC,261521,10343,3.9549405210289037,4,1,1,2,1,4,0.2,CCCVC,CVC,0.9559888579387188,0.9520891364902507,0.9540389972144847,0,0
ROBIN,277471,3249,1.1709331786024486,5,0,0,1,2,3,0.4,CVCVC,CVCVC,0.9456267409470753,0.9381615598885794,0.9418941504178273,0,0
ULTRA,269885,9310,3.4496174296459605,5,0,0,1,2,3,0.4,VCCCV,VCV,0.933259052924791,0.9437325905292479,0.9384958217270194,0,0
ULCER,278826,10631,3.8127721231162086,5,0,0,1,2,3,0.4,VCCVC,VCVC,0.9369359331476323,0.9236768802228411,0.9303064066852367,0,0
PAUSE,304830,13480,4.422136928779976,5,0,0,1,3,2,0.6,CVVCV,CVCV,0.9378272980501393,0.8924791086350975,0.9151532033426184,0,0
HUMOR,305372,13846,4.534141964554707,5,0,0,1,2,3,0.4,CVCVC,CVCVC,0.9491922005571031,0.9515320334261839,0.9503621169916434,0,0
FRAME,336236,15369,4.570896632127434,5,0,0,1,2,3,0.4,CCVCV,CVCV,0.9370473537604458,0.8941504178272979,0.9155988857938718,0,0
ELDER,288228,13340,4.6282803891363775,4,1,1,2,2,3,0.4,VCCVC,VCVC,0.9255710306406686,0.9208913649025069,0.9232311977715877,0,0
SKILL,311018,13716,4.410034145933675,4,1,1,2,1,4,0.2,CCVCC,CVC,0.95008356545961,0.9197771587743733,0.9349303621169917,0,0
ALOFT,319698,13708,4.287796608048846,5,0,0,1,2,3,0.4,VCVCC,VCVC,0.936824512534819,0.9052924791086351,0.921058495821727,1,1
PLEAT,359679,14813,4.118394457279964,5,0,0,1,2,3,0.4,CCVVC,CVC,0.9276880222841225,0.9041782729805015,0.915933147632312,0,0
SHARD,358176,14609,4.078721075672295,5,0,0,1,1,4,0.2,CCVCC,CVC,0.9438440111420613,0.901949860724234,0.9228969359331476,0,0
MOIST,361908,14205,3.925030670778209,5,0,0,1,2,3,0.4,CVVCC,CVC,0.9435097493036212,0.8986072423398328,0.9210584958217269,0,0
THOSE,351663,13606,3.8690450800908827,5,0,0,1,2,3,0.4,CCVCV,CVCV,0.9327019498607243,0.8846796657381615,0.9086908077994429,0,0
LIGHT,341314,13347,3.9104753980205906,5,0,0,1,1,4,0.2,CVCCC,CVC,0.9481894150417828,0.9470752089136492,0.9476323119777159,0,0
WRUNG,294687,11524,3.9105898801100833,5,0,0,1,1,4,0.2,CCVCC,CVC,0.959108635097493,0.9392757660167131,0.9491922005571031,0,0
COULD,313220,11592,3.7009130962262944,5,0,0,1,2,3,0.4,CVVCC,CVC,0.9515320334261839,0.9130919220055709,0.9323119777158774,0,0
PERKY,296968,11148,3.7539398184316153,5,0,0,1,1,4,0.2,CVCCC,CVC,0.946740947075209,0.9270194986072424,0.9368802228412256,0,0
MOUNT,331844,11451,3.450717807162402,5,0,0,1,2,3,0.4,CVVCC,CVC,0.9476323119777159,0.9047353760445682,0.9261838440111421,0,0
WHACK,302348,10163,3.361358434651461,5,0,0,1,1,4,0.2,CCVCC,CVC,0.9592200557103064,0.9314763231197771,0.9453481894150417,0,0
SUGAR,276404,8708,3.150460919523596,5,0,0,1,2,3,0.4,CVCVC,CVCVC,0.9448467966573816,0.92033426183844,0.9325905292479109,0,0
KNOLL,258038,8317,3.2231686805819297,4,1,1,2,1,4,0.2,CCVCC,CVC,0.9465181058495823,0.9342618384401113,0.9403899721448468,0,0
CRIMP,269929,7630,2.826669235243342,5,0,0,1,1,4,0.2,CCVCC,CVC,0.9524233983286908,0.9236768802228413,0.9380501392757661,0,0
WINCE,241489,6850,2.836568125256223,5,0,0,1,2,3,0.4,CVCCV,CVCV,0.9469637883008357,0.9164345403899722,0.931699164345404,0,0
PRICK,273727,7409,2.7067114314627347,5,0,0,1,1,4,0.2,CCVCC,CVC,0.9546518105849582,0.9220055710306406,0.9383286908077995,0,0
ROBOT,243964,6589,2.700808315981046,4,1,1,2,2,3,0.4,CVCVC,CVCVC,0.9374930362116991,0.924791086350975,0.931142061281337,0,0
POINT,280622,7094,2.5279557554290113,5,0,0,1,2,3,0.4,CVVCC,CVC,0.9423955431754875,0.8941504178272981,0.9182729805013927,1,1
PROXY,220950,6206,2.8087802670287396,5,0,0,1,1,4,0.2,CCVCC,CVC,0.9555431754874653,0.9103064066852367,0.932924791086351,0,0
SHIRE,222197,5640,2.538288095698862,5,0,0,1,2,3,0.4,CCVCV,CVCV,0.9357103064066854,0.8718662952646239,0.9037883008356546,0,0
SOLAR,209609,4955,2.3639252131349324,5,0,0,1,2,3,0.4,CVCVC,CVCVC,0.9303621169916434,0.9013927576601672,0.9158774373259053,0,0
PANIC,205880,4655,2.2610258402953174,5,0,0,1,2,3,0.4,CVCVC,CVCVC,0.9459610027855154,0.932033426183844,0.9389972144846797,0,0
TANGY,169484,3985,2.351254395695169,5,0,0,1,1,4,0.2,CVCCC,CVC,0.9455153203342619,0.9075208913649027,0.9265181058495823,0,0
ABBEY,132726,3345,2.5202296460377016,4,1,1,2,2,3,0.4,VCCVC,VCVC,0.9480779944289693,0.928133704735376,0.9381058495821727,0,0
FAVOR,137586,3073,2.233512130594683,5,0,0,1,2,3,0.4,CVCVC,CVCVC,0.9460724233983286,0.9275766016713092,0.9368245125348189,0,0
DRINK,153880,3017,1.9606186638939433,5,0,0,1,1,4,0.2,CCVCC,CVC,0.9539832869080781,0.9247910863509748,0.9393871866295265,0,0
QUERY,107134,2242,2.092706330389979,5,0,0,1,2,3,0.4,CVVCC,CVC,0.95008356545961,0.9286908077994429,0.9393871866295265,0,0
GORGE,91477,1913,2.09123604840561,4,1,1,2,2,3,0.4,CVCCV,CVCV,0.9383844011142062,0.901392757660167,0.9198885793871866,0,0
CRANK,101503,1763,1.7368944760253393,5,0,0,1,1,4,0.2,CCVCC,CVC,0.9456267409470753,0.913649025069638,0.9296378830083567,0,0
SLUMP,80630,1362,1.689197569142999,5,0,0,1,1,4,0.2,CCVCC,CVC,0.9574373259052926,0.9197771587743733,0.938607242339833,0,0
