Date,day_name,reported_scores,cubic_bspline_fit,base_residuals,base_residuals_pct,additive_fit,additive_residuals,additive_residuals_pct,multiplicative_fit,multiplicative_residuals,multiplicative_residuals_pct,dow_effect,dow_factor
2022-01-07,Friday,80630,58952.21502227172,21677.784977728283,36.77179045696345,60261.511084861486,20368.488915138514,33.800162904071875,60530.71605938043,20099.28394061957,33.205098583175925,1309.29606258977,1.0267759410992847
2022-01-08,Saturday,101503,79837.51714043062,21665.482859569383,27.136969729983925,77888.07737259413,23614.922627405875,30.319046796390786,78458.56640625621,23044.433593743786,29.37146910691736,-1949.4397678364924,0.9827280358462439
2022-01-09,Sunday,91477,99670.05265465418,-8193.05265465418,-8.220174903531165,96488.95770182728,-5011.957701827283,-5.194332928038633,96742.16765667051,-5265.167656670514,-5.442474346198374,-3181.0949528268934,0.9706242254318008
2022-01-10,Monday,107134,118472.23180180525,-11338.231801805247,-9.570370735290291,117355.18595580061,-10221.18595580061,-8.709615917314645,118431.62328238545,-11297.623282385452,-9.539363701405728,-1117.0458460046364,0.9996572317512535
2022-01-11,Tuesday,153880,136266.46481874707,17613.535181252926,12.925803281593401,137697.25406118616,16182.745938813838,11.752410060133073,138021.6219355985,15858.378064401506,11.48977808114811,1430.789242439101,1.0128803306021479
2022-01-12,Wednesday,137586,153075.1619423426,-15489.161942342587,-10.118664416750216,155768.6505363819,-18182.6505363819,-11.67285617084748,154417.73037267083,-16831.730372670834,-10.900128069522351,2693.488594039319,1.0087706484402346
2022-01-13,Thursday,132726,168920.7334094548,-36194.73340945481,-21.42705201363335,169747.2919144125,-37021.29191441249,-21.809650979927756,169569.54013236627,-36843.540132366266,-21.727687710662032,826.5585049576664,1.0038408945415764
2022-01-14,Friday,169484,183825.58945694694,-14341.589456946938,-7.801737233273403,185134.8855195367,-15650.885519536707,-8.453774379483503,188747.69261278745,-19263.692612787447,-10.206054625688363,1309.29606258977,1.0267759410992847
2022-01-15,Saturday,205880,197812.1403216818,8067.8596783182,4.078546273852686,195862.7005538453,10017.299446154706,5.114449774167602,194395.53612486794,11484.46387513206,5.907781682679758,-1949.4397678364924,0.9827280358462439
2022-01-16,Sunday,209609,210902.79624052253,-1293.7962405225262,-0.6134561815136039,207721.70128769564,1887.2987123043567,0.9085707947723951,204707.3632423581,4901.636757641914,2.3944604043571927,-3181.0949528268934,0.9706242254318008
2022-01-17,Monday,222197,223119.96745033207,-922.9674503320712,-0.4136642098325555,222002.92160432742,194.07839567257906,0.08742155025260531,223043.48900982874,-846.4890098287433,-0.3795174714969785,-1117.0458460046364,0.9996572317512535
2022-01-18,Tuesday,220950,234486.06418797374,-13536.064187973738,-5.772651877990782,235916.85343041283,-14966.853430412826,-6.344122182363508,237506.3222163113,-16556.322216311295,-6.970897474144902,1430.789242439101,1.0128803306021479
2022-01-19,Wednesday,280622,245023.49669031025,35598.50330968975,14.52860798680192,247716.98528434956,32905.01471565044,13.283309853734659,247172.51163937795,33449.488360622054,13.532851261965773,2693.488594039319,1.0087706484402346
2022-01-20,Thursday,243964,254754.67519420473,-10790.675194204727,-4.235712332257994,255581.2336991624,-11617.233699162403,-4.545417334058543,255733.16103559922,-11769.161035599216,-4.602125507673562,826.5585049576664,1.0038408945415764
2022-01-21,Friday,273727,263702.0099365202,10024.99006347981,3.8016358183591703,265011.30599911,8715.694000890013,3.288800818527827,270762.87942234345,2964.1205776565475,1.0947293011436143,1309.29606258977,1.0267759410992847
2022-01-22,Saturday,241489,271887.9111541198,-30398.91115411982,-11.18067773777856,269938.47138628335,-28449.471386283345,-10.53924297643814,267191.87289882626,-25702.87289882626,-9.619631248499388,-1949.4397678364924,0.9827280358462439
2022-01-23,Sunday,269929,279334.7890838666,-9405.789083866577,-3.3672100473824664,276153.69413103967,-6224.694131039665,-2.2540687534985286,271129.1132906834,-1200.1132906834246,-0.44263534672381605,-3181.0949528268934,0.9706242254318008
2022-01-24,Monday,258038,286065.05396262335,-28027.05396262335,-9.797440678051261,284948.00811661873,-26910.00811661873,-9.443830927081075,285966.999945049,-27928.999945049,-9.76651150322093,-1117.0458460046364,0.9996572317512535
2022-01-25,Tuesday,276404,292101.1160272534,-15697.116027253389,-5.373863763597819,293531.9052696925,-17127.905269692477,-5.835108539208243,295863.4749709408,-19459.47497094079,-6.577180563721854,1430.789242439101,1.0128803306021479
2022-01-26,Wednesday,302348,297465.3855146197,4882.614485380298,1.6414059326376074,300158.87410865905,2189.1258913409547,0.7293223956285497,300074.34983410727,2273.65016589273,0.7576956068220067,2693.488594039319,1.0087706484402346
2022-01-27,Thursday,331844,302180.27266158524,29663.727338414756,9.816566474422196,303006.8311665429,28837.168833457108,9.51700287496397,303340.9152214232,28503.0847785768,9.39638649068195,826.5585049576664,1.0038408945415764
2022-01-28,Friday,296968,306268.18770501297,-9300.18770501297,-3.036615645491262,307577.48376760277,-10609.483767602767,-3.449369452420323,314468.8066595871,-17500.806659587077,-5.565196384814003,1309.29606258977,1.0267759410992847
2022-01-29,Saturday,313220,309751.5408817661,3468.4591182338772,1.1197552426568258,307802.10111392965,5417.898886070354,1.7601890521419725,304401.5233710855,8818.476628914475,2.896988336738437,-1949.4397678364924,0.9827280358462439
2022-01-30,Sunday,294687,312652.7424287075,-17965.742428707483,-5.746228959691314,309471.64747588057,-14784.64747588057,-4.777383516864125,303468.3259489925,-8781.325948992511,-2.893654855587298,-3181.0949528268934,0.9706242254318008
2022-01-31,Monday,341314,314994.20258270035,26319.797417299647,8.355645025050737,313877.15673669573,27436.84326330427,8.741267936972044,314886.2325715158,26427.76742848422,8.392798634815527,-1117.0458460046364,0.9996572317512535
2022-02-01,Tuesday,351663,316798.33158060757,34864.66841939243,11.005319455264022,318229.12082304666,33433.87917695334,10.506228685320243,320878.7988255747,30784.20117442531,9.593716159215361,1430.789242439101,1.0128803306021479
2022-02-02,Wednesday,361908,318087.5396592924,43820.46034070762,13.776226628570324,320781.0282533317,41126.97174666828,12.820886562589639,320877.3736428632,41030.62635713682,12.787011402930498,2693.488594039319,1.0087706484402346
2022-02-03,Thursday,358176,318884.23705561756,39291.76294438244,12.321638506556047,319710.7955605752,38465.20443942479,12.03124979623556,320109.03778111923,38066.96221888077,11.891873619922533,826.5585049576664,1.0038408945415764
2022-02-04,Friday,359679,319210.8340064463,40468.1659935537,12.67756657430257,320520.1300690361,39158.869930963905,12.217288793227922,327758.00449605647,31920.99550394353,9.73919631742437,1309.29606258977,1.0267759410992847
2022-02-05,Saturday,319698,319089.7407486416,608.259251358395,0.19062325536738034,317140.3009808051,2557.6990191948717,0.8064881729899335,313578.4341845997,6119.565815400274,1.9515263641496985,-1949.4397678364924,0.9827280358462439
2022-02-06,Sunday,311018,318543.3675190666,-7525.367519066611,-2.362431080476405,315362.2725662397,-4344.272566239699,-1.3775498669794797,309185.9093646315,1832.090635368484,0.5925530821030556,-3181.0949528268934,0.9706242254318008
2022-02-07,Monday,288228,317594.1245545842,-29366.12455458421,-9.246431934397174,316477.0787085796,-28249.07870857959,-8.926105746379214,317485.26337269845,-29257.26337269845,-9.215313826504481,-1117.0458460046364,0.9996572317512535
2022-02-08,Tuesday,336236,316264.4220920574,19971.577907942585,6.314835470848286,317695.2113344965,18540.788665503496,5.836030259197763,320338.01240630035,15897.987593699654,4.962878889794528,1430.789242439101,1.0128803306021479
2022-02-09,Wednesday,305372,314576.6703683494,-9204.670368349412,-2.9260499062347267,317270.15896238876,-11898.158962388756,-3.750166420094756,317335.71175164974,-11963.711751649738,-3.770048976086456,2693.488594039319,1.0087706484402346
2022-02-10,Thursday,304830,312553.2796203232,-7723.279620323214,-2.4710281810848804,313379.83812528086,-8549.838125280861,-2.7282668139814614,313753.76380596875,-8923.763805968745,-2.8441933883819064,826.5585049576664,1.0038408945415764
2022-02-11,Friday,278826,310216.6600848416,-31390.6600848416,-10.118947214587546,311525.9561474314,-32699.956147431396,-10.496703565835766,318523.00310329016,-39697.00310329016,-12.462837131551618,1309.29606258977,1.0267759410992847
2022-02-12,Saturday,269885,307589.22199876804,-37704.221998768044,-12.257978921939943,305639.78223093157,-35754.78223093157,-11.698340435250149,302276.5519823236,-32391.55198232358,-10.715866569834951,-1949.4397678364924,0.9827280358462439
2022-02-13,Sunday,277471,304693.3755989651,-27222.375598965096,-8.934350983329209,301512.2806461382,-24041.280646138184,-7.973565983653446,295742.77168494626,-18271.77168494626,-6.178264841722358,-3181.0949528268934,0.9706242254318008
2022-02-14,Monday,261521,301551.5311222962,-40030.531122296175,-13.27485586735805,300434.48527629155,-38913.485276291554,-12.952402997447232,301448.1688320666,-39927.168832066585,-13.245119048744186,-1117.0458460046364,0.9996572317512535
2022-02-15,Tuesday,287836,298186.0988056242,-10350.098805624177,-3.4710198923025586,299616.88804806327,-11780.888048063265,-3.9319839828833096,302026.83433920535,-14190.83433920535,-4.698534277675364,1430.789242439101,1.0128803306021479
2022-02-16,Wednesday,289721,294619.48888581217,-4898.48888581217,-1.6626493054947609,297312.9774798515,-7591.977479851514,-2.553530472905782,297203.4928464712,-7482.492846471199,-2.5176328766554876,2693.488594039319,1.0087706484402346
2022-02-17,Thursday,342003,290874.11159972317,51128.88840027683,17.577668950695816,291700.6701046808,50302.329895319184,17.244502687384124,291991.32838725246,50011.67161274754,17.127793448173822,826.5585049576664,1.0038408945415764
2022-02-18,Friday,265238,286972.37718422007,-21734.377184220066,-7.5736826650280085,288281.67324680986,-23043.673246809863,-7.9934575747661984,294656.33265282644,-29418.332652826444,-9.983947192978903,1309.29606258977,1.0267759410992847
2022-02-19,Saturday,282327,282936.6958761662,-609.6958761662245,-0.21548844142615986,280987.25610832975,1339.7438916702522,0.4767988093928848,278049.8234072109,4277.176592789125,1.5382770398401202,-1949.4397678364924,0.9827280358462439
2022-02-20,Sunday,273306,278789.4779124243,-5483.477912424307,-1.9668884039256398,275608.3829595974,-2302.382959597395,-0.8353820500209207,270599.82105728297,2706.1789427170297,1.0000667894544402,-3181.0949528268934,0.9706242254318008
2022-02-21,Monday,278731,274553.1335298577,4177.866470142326,1.5216968811933018,273436.08768385305,5294.912316146947,1.9364350773877832,274459.0254330898,4271.974566910183,1.5565072273244098,-1117.0458460046364,0.9996572317512535
2022-02-22,Tuesday,306356,270250.0729653291,36105.927034670894,13.360191410310179,271680.8622077682,34675.137792231806,12.763187480505698,273730.9832503771,32625.016749622882,11.918642296981533,1430.789242439101,1.0128803306021479
2022-02-23,Wednesday,277576,265902.70645570185,11673.293544298154,4.390061951566811,268596.1950497412,8979.804950258811,3.343236097814359,268234.8456133317,9341.154386668291,3.482453730166675,2693.488594039319,1.0087706484402346
2022-02-24,Thursday,250674,261533.4442378388,-10859.44423783879,-4.152220099224939,262360.00274279644,-11686.002742796438,-4.454186088057319,262537.96661625156,-11863.966616251564,-4.5189527324986765,826.5585049576664,1.0038408945415764
2022-02-25,Friday,255907,257164.69654860295,-1257.6965486029512,-0.48906267675246484,258473.99261119272,-2566.99261119272,-0.9931338101988839,264050.5233162038,-8143.523316203791,-3.0840777037399847,1309.29606258977,1.0267759410992847
2022-02-26,Saturday,248363,252818.87362485757,-4455.873624857573,-1.7624766541240788,250869.43385702107,-2506.4338570210675,-0.9990989410250627,248452.19510221604,-89.1951022160356,-0.03590030757399416,-1949.4397678364924,0.9827280358462439
2022-02-27,Sunday,250413,248518.38570346544,1894.6142965345643,0.7623638352436574,245337.29075063855,5075.709249361447,2.068869854163512,241217.96562898767,9195.034371012327,3.8119193763349357,-3181.0949528268934,0.9706242254318008
2022-02-28,Monday,251094,244283.21218515746,6810.787814842537,2.7880703524072774,243166.1663391528,7927.833660847187,3.2602535871663765,244199.4796563186,6894.52034368139,2.8233149199927037,-1117.0458460046364,0.9996572317512535
2022-03-01,Tuesday,240137,240118.33106064342,18.66893935657572,0.0077748913521561835,241549.1203030825,-1412.1203030825127,-0.5846099962238166,243211.13454834052,-3074.1345483405166,-1.263977717981289,1430.789242439101,1.0128803306021479
2022-03-02,Wednesday,257304,236023.00335417432,21280.996645825682,9.016492605973486,238716.49194821363,18587.508051786368,7.786436496318269,238093.0781404021,19210.921859597904,8.068660378387538,2693.488594039319,1.0087706484402346
2022-03-03,Thursday,240018,231996.4788361296,8021.521163870406,3.457604703361208,232823.03734108727,7194.962658912729,3.090313888643271,232887.55284535623,7130.447154643771,3.0617553697163817,826.5585049576664,1.0038408945415764
2022-03-04,Friday,203730,228038.007276889,-24308.007276888995,-10.659629755216047,229347.30333947876,-25617.303339478764,-11.169655350845854,234143.93952813323,-30413.939528133225,-12.989419922388759,1309.29606258977,1.0267759410992847
2022-03-05,Saturday,229895,224146.8384468321,5748.161553167913,2.5644624715647657,222197.39867899558,7697.601321004418,3.4643075782021184,220275.38228800063,9619.617711999366,4.3670870580635865,-1949.4397678364924,0.9827280358462439
2022-03-06,Sunday,218595,220322.22211633867,-1727.2221163386712,-0.7839527487275573,217141.1271635118,1453.8728364882118,0.6695520353421649,213850.0861870844,4744.913812915591,2.2188037879790965,-3181.0949528268934,0.9706242254318008
2022-03-07,Monday,218595,216563.4080557883,2031.5919442116865,0.9381049007542095,215446.36220978366,3148.6377902163367,1.4614485749127926,216489.17699566646,2105.823004333535,0.9727151414944352,-1117.0458460046364,0.9996572317512535
2022-03-08,Tuesday,207473,212869.6460355608,-5396.646035560814,-2.5351881473318563,214300.4352779999,-6827.435277999903,-3.1859175970142357,215611.47745166105,-8138.477451661049,-3.774603072086296,1430.789242439101,1.0128803306021479
2022-03-09,Wednesday,201799,209240.18582603562,-7441.185826035624,-3.556289054446883,211933.67442007494,-10134.674420074938,-4.782002882650419,211075.35793548514,-9276.357935485139,-4.39480857747518,2693.488594039319,1.0087706484402346
2022-03-10,Thursday,208884,205674.27719759254,3209.7228024074575,1.560585429612988,206500.83570255022,2383.164297449781,1.1540700498096577,206464.25040622347,2419.7495937765343,1.1719944682992904,826.5585049576664,1.0038408945415764
2022-03-11,Friday,226349,202171.1699206113,24177.83007938869,11.959088968463135,203480.46598320108,22868.53401679892,11.238687657952827,207584.49325837908,18764.50674162092,9.03945494534838,1309.29606258977,1.0267759410992847
2022-03-12,Saturday,192049,198730.11376547132,-6681.113765471324,-3.3619030547911577,196780.67399763482,-4731.673997634818,-2.4045420220949594,195297.65436424225,-3248.6543642422475,-1.663437471800509,-1949.4397678364924,0.9827280358462439
2022-03-13,Sunday,179436,195350.3585025525,-15914.358502552495,-8.14657245809178,192169.2635497256,-12733.263549725612,-6.6260666844002145,189611.79040936462,-10175.790409364621,-5.366644335457979,-3181.0949528268934,0.9706242254318008
2022-03-14,Monday,185406,192031.15390223445,-6625.153902234451,-3.450041187383274,190914.1080562298,-5508.108056229801,-2.8851236361262007,191965.33171990662,-6559.331719906622,-3.416935579533305,-1117.0458460046364,0.9996572317512535
2022-03-15,Tuesday,202855,188771.74973489688,14083.250265103125,7.460464971523042,190202.53897733596,12652.461022664036,6.652098910294605,191203.19227982828,11651.807720171724,6.093939950081564,1430.789242439101,1.0128803306021479
2022-03-16,Wednesday,217856,185571.39577091922,32284.60422908078,17.39740335247297,188264.88436495853,29591.115635041468,15.717809369950256,187198.9772437896,30657.022756210412,16.376704193359835,2693.488594039319,1.0087706484402346
2022-03-17,Thursday,169071,182429.3417806814,-13358.341780681396,-7.322474362014058,183255.90028563907,-14184.900285639073,-7.740487626062362,183130.03364375018,-14059.033643750183,-7.677076973130337,826.5585049576664,1.0038408945415764
2022-03-18,Friday,179830,179344.83753456298,485.16246543702437,0.2705193369970992,180654.13359715274,-824.1335971527442,-0.45619415440031386,184146.96434084923,-4316.964340849227,-2.3443038316171667,1309.29606258977,1.0267759410992847
2022-03-19,Saturday,156311,176317.13280294358,-20006.132802943583,-11.346675439251236,174367.69303510708,-18056.693035107077,-10.355526715302446,173271.7896054781,-16960.789605478087,-9.78854644722955,-1949.4397678364924,0.9827280358462439
2022-03-20,Sunday,154987,173345.4773562029,-18358.4773562029,-10.590687242724288,170164.38240337602,-15177.382403376017,-8.919247488230477,168253.3196909702,-13266.31969097021,-7.8847298319797625,-3181.0949528268934,0.9706242254318008
2022-03-21,Monday,173636,170429.1209647206,3206.8790352793876,1.8816496952672908,169312.07511871596,4323.924881284038,2.5538195537750314,170370.70327339214,3265.296726607863,1.9165834640995023,-1117.0458460046364,0.9996572317512535
2022-03-22,Tuesday,160161,167567.31339887652,-7406.3133988765185,-4.419903409948789,168998.1026413156,-8837.102641315607,-5.229113524470521,169725.63579356778,-9564.63579356778,-5.6353512825846535,1430.789242439101,1.0128803306021479
2022-03-23,Wednesday,156785,164759.30442904995,-7974.304429049953,-4.8399721379522544,167452.79302308927,-10667.793023089267,-6.370627106600925,166204.35036545474,-9419.350365454738,-5.667330815795862,2693.488594039319,1.0087706484402346
2022-03-24,Thursday,169066,162004.34382562095,7061.656174379052,4.358930142009101,162830.90233057862,6235.097669421375,3.8291857259151616,162626.58542553245,6439.414574467548,3.9596321583079597,826.5585049576664,1.0038408945415764
2022-03-25,Friday,150197,159301.6813589689,-9104.681358968897,-5.715370535513994,160610.97742155867,-10413.977421558666,-6.483976119655198,163567.13379605368,-13370.133796053677,-8.174095544600325,1309.29606258977,1.0267759410992847
2022-03-26,Saturday,149507,156650.56679947354,-7143.566799473541,-4.560192117669088,154701.12703163704,-5194.1270316370355,-3.3575237177003983,153944.90382504746,-4437.903825047455,-2.8827870977079986,-1949.4397678364924,0.9827280358462439
2022-03-27,Sunday,165468,154050.24991751462,11417.750082485378,7.411705004437806,150869.15496468774,14598.84503531226,9.676494203688787,149524.90450376295,15943.095496237045,10.662501707757867,-3181.0949528268934,0.9706242254318008
2022-03-28,Monday,173696,151499.9804834717,22196.019516528293,14.650839852055181,150382.93463746706,23313.065362532943,15.502467363557237,151448.05110047627,22247.948899523733,14.690151994602834,-1117.0458460046364,0.9996572317512535
2022-03-29,Tuesday,149070,148999.0082677246,70.9917322754045,0.047645775029485464,150429.79751016368,-1359.797510163684,-0.9039415944648932,150918.16475360506,-1848.1647536050586,-1.2246138538872675,1430.789242439101,1.0128803306021479
2022-03-30,Wednesday,158139,146546.5830406528,11592.416959347203,7.910397307681618,149240.0716346921,8898.92836530789,5.962827723033107,147831.89160062,10307.108399379998,6.9721819072879745,2693.488594039319,1.0087706484402346
2022-03-31,Thursday,135219,144141.954572636,-8922.954572635994,-6.190393767790584,144968.51307759367,-9749.51307759367,-6.7252625212312775,144695.5886191662,-9476.5886191662,-6.549327943997141,826.5585049576664,1.0038408945415764
2022-04-01,Friday,144648,141784.37263405393,2863.627365946071,2.019705918745436,143093.6686966437,1554.3313033563027,1.086233456388249,145580.78264450238,-932.782644502382,-0.6407319891803088,1309.29606258977,1.0267759410992847
2022-04-02,Saturday,155079,139473.08699528628,15605.913004713715,11.189193084427206,137523.64722744978,17555.35277255022,12.765333909095283,137064.11283629,18014.887163709995,13.143401865685336,-1949.4397678364924,0.9827280358462439
2022-04-03,Sunday,124532,137207.34742671257,-12675.347426712571,-9.238096694116862,134026.2524738857,-9494.252473885688,-7.083875209997082,133176.77531960487,-8644.775319604872,-6.491203363993963,-3181.0949528268934,0.9706242254318008
2022-04-04,Monday,129651,134986.4036987126,-5335.403698712587,-3.952548962354105,133869.35785270794,-4218.357852707937,-3.151100386504623,134940.1346455122,-5289.134645512211,-3.919615657274072,-1117.0458460046364,0.9996572317512535
2022-04-05,Tuesday,121356,132809.50558166602,-11453.505581666017,-8.624010406109923,134240.2948241051,-12884.294824105105,-9.597933944489158,134520.1359206657,-13164.135920665693,-9.785996594910776,1430.789242439101,1.0128803306021479
2022-04-06,Wednesday,117856,130675.90284595241,-12819.902845952412,-9.810456684630818,133369.39143999174,-15513.391439991741,-11.63189789838086,131822.0152494245,-13966.015249424498,-10.594600016544256,2693.488594039319,1.0087706484402346
2022-04-07,Thursday,117761,128584.84526195152,-10823.845261951516,-8.417667914054185,129411.40376690918,-11650.403766909178,-9.002609837919257,129078.7260922476,-11317.726092247598,-8.768080097226289,826.5585049576664,1.0038408945415764
2022-04-08,Friday,141158,126535.58260004297,14622.417399957034,11.555972714944506,127844.87866263273,13313.121337367265,10.4134960090963,129923.6919067054,11234.308093294603,8.64685103111267,1309.29606258977,1.0267759410992847
2022-04-09,Saturday,134210,124527.36463060648,9682.635369393523,7.775508136798484,122577.92486276999,11632.075137230015,9.48953504495406,122376.53245254493,11833.467547455075,9.669719602525793,-1949.4397678364924,0.9827280358462439
2022-04-10,Sunday,126241,122559.44112402153,3681.558875978473,3.00389659271781,119378.34617119463,6862.653828805371,5.748658822064745,118959.16261035779,7281.837389642213,6.121291735629772,-3181.0949528268934,0.9706242254318008
2022-04-11,Monday,109828,120631.06185066806,-10803.061850668062,-8.955456152778808,119514.01600466343,-9686.016004663426,-8.104502156705601,120589.71335285308,-10761.713352853083,-8.924238273428543,-1117.0458460046364,0.9996572317512535
2022-04-12,Tuesday,114907,118741.47658092562,-3834.4765809256205,-3.22926469447457,120172.26582336472,-5265.2658233647235,-4.381431761554598,120270.90605547515,-5363.906055475149,-4.459853368861326,1430.789242439101,1.0128803306021479
2022-04-13,Wednesday,123255,116889.9350851738,6365.064914826202,5.445349003049913,119583.42367921311,3671.5763207868877,3.0703054050668634,117915.1356120077,5339.864387992304,4.528565701321661,2693.488594039319,1.0087706484402346
2022-04-14,Thursday,113448,115075.68713379231,-1627.6871337923076,-1.4144491980307563,115902.24563874997,-2454.2456387499697,-2.1175134487035634,115517.68071237265,-2069.6807123726467,-1.7916570862653851,826.5585049576664,1.0038408945415764
2022-04-15,Friday,129991,113297.98249716083,16693.017502839168,14.733728822803604,114607.2785597506,15383.7214402494,13.422988167570077,116331.6426031726,13659.3573968274,11.741738611412748,1309.29606258977,1.0267759410992847
2022-04-16,Saturday,107987,111556.07094565903,-3569.0709456590266,-3.199351604447942,109606.63117782254,-1619.6311778225354,-1.4776762686875158,109629.27848715174,-1642.278487151736,-1.4980290938831697,-1949.4397678364924,0.9827280358462439
2022-04-17,Sunday,106681,109849.20224966654,-3168.202249666545,-2.884137694933658,106668.10729683965,12.89270316035254,0.012086745970352962,106622.29684788382,58.703152116184356,0.0550571070513845,-3181.0949528268934,0.9706242254318008
2022-04-18,Monday,112383,108176.62617956307,4206.373820436929,3.8884313266109283,107059.58033355844,5323.419666441565,4.9723898130888795,108139.5466668522,4243.4533331478015,3.9240531923262987,-1117.0458460046364,0.9996572317512535
2022-04-19,Tuesday,108899,106537.59250572823,2361.4074942717707,2.2165016486033364,107968.38174816733,930.6182518326677,0.861935908239603,107909.83191875892,989.1680812410777,0.9166616828629512,1430.789242439101,1.0128803306021479
2022-04-20,Wednesday,102007,104931.3688417297,-2924.3688417296944,-2.786934807017132,107624.85743576901,-5617.857435769009,-5.21985122175123,105851.68498819308,-3844.684988193083,-3.6321433982103613,2693.488594039319,1.0087706484402346
2022-04-21,Thursday,97955,103357.39809261427,-5402.3980926142685,-5.226909918701131,104183.95659757193,-6228.956597571931,-5.978805951507797,103754.38295877974,-5799.382958779737,-5.589530575381819,826.5585049576664,1.0038408945415764
2022-04-22,Friday,119232,101815.22265704487,17416.77734295513,17.10626062432916,103124.51871963464,16107.481280365362,15.619448682380652,104541.42106192047,14690.578938079532,14.052400272403244,1309.29606258977,1.0267759410992847
2022-04-23,Saturday,95562,100304.38607564867,-4742.386075648668,-4.72799471806946,98354.94630781218,-2792.946307812177,-2.839660243493354,98571.93231488555,-3009.9323148855474,-3.0535389174175815,-1949.4397678364924,0.9827280358462439
2022-04-24,Sunday,97452,98824.43188905266,-1372.4318890526629,-1.3887576814946454,95643.33693622577,1808.6630637742346,1.8910497288276726,95921.3876560495,1530.6123439505027,1.5956945383639591,-3181.0949528268934,0.9706242254318008
2022-04-25,Monday,91548,97374.90363788394,-5826.903637883937,-5.9839891185442635,96257.8577918793,-4709.857791879302,-4.8929592865681295,97341.52661269212,-5793.52661269212,-5.951752365404875,-1117.0458460046364,0.9996572317512535
2022-04-26,Tuesday,103153,95955.34486276963,7197.655137230366,7.501046604046996,97386.13410520874,5766.865894791263,5.9216498814514695,97191.28142764523,5961.718572354774,6.134005524757917,1430.789242439101,1.0128803306021479
2022-04-27,Wednesday,98967,94565.29910433678,4401.70089566322,4.654668189445147,97258.7876983761,1708.2123016239057,1.7563577976331564,95394.69809742655,3572.301902573454,3.744759377428989,2693.488594039319,1.0087706484402346
2022-04-28,Thursday,88974,93204.30990321246,-4230.309903212459,-4.538749235529347,94030.86840817012,-5056.868408170121,-5.377881214729633,93562.29782837111,-4588.297828371113,-4.9040029315951585,826.5585049576664,1.0038408945415764
2022-04-29,Friday,106652,91871.92080002376,14780.079199976244,16.087700214897893,93181.21686261352,13470.783137386476,14.45654348692163,94331.87794004334,12320.122059956659,13.060401562011984,1309.29606258977,1.0267759410992847
2022-04-30,Saturday,77991,90567.67533539778,-12576.675335397784,-13.886494589623494,88618.23556756129,-10627.235567561293,-11.992154322977056,89003.39369351577,-11012.393693515769,-12.373004260306159,-1949.4397678364924,0.9827280358462439
2022-05-01,Sunday,77658,89291.11704996157,-11633.11704996157,-13.028302740856546,86110.02209713467,-8452.022097134672,-9.815375598905943,86668.12132455921,-9010.121324559208,-10.396119342217707,-3181.0949528268934,0.9706242254318008
2022-05-02,Monday,95643,88041.7894843422,7601.210515657804,8.633639275368933,86924.74363833756,8718.25636166244,10.029660136745358,88011.61155434414,7631.388445655859,8.670888205408827,-1117.0458460046364,0.9996572317512535
2022-05-03,Tuesday,85817,86819.23617916672,-1002.2361791667208,-1.1543941449777682,88250.02542160582,-2433.025421605824,-2.7569685220851596,87937.49664378035,-2120.4966437803523,-2.411367988299825,1430.789242439101,1.0128803306021479
2022-05-04,Wednesday,107750,85623.00067506229,22126.999324937715,25.8423544497223,88316.4892691016,19433.5107308984,22.004396791276672,86373.96991238122,21376.030087618783,24.74823156710625,2693.488594039319,1.0087706484402346
2022-05-05,Thursday,85979,84452.62651265589,1526.3734873441135,1.8073724292226419,85279.18501761355,699.8149823864514,0.8206164050957004,84777.00014485014,1201.9998551498575,1.417837211857129,826.5585049576664,1.0038408945415764
2022-05-06,Friday,76292,83307.65723257475,-7015.657232574755,-8.421383418559884,84616.95329516452,-8324.953295164523,-9.838398773499987,85538.29815575358,-9246.298155753582,-10.809541872013087,1309.29606258977,1.0267759410992847
2022-05-07,Saturday,74458,82187.63637544574,-7729.636375445742,-9.404865155308247,80238.19660760925,-5780.19660760925,-7.2037967601344315,80768.0944660871,-6310.094466087103,-7.812607822184766,-1949.4397678364924,0.9827280358462439
2022-05-08,Sunday,72518,81092.1074818961,-8574.107481896106,-10.573294674589983,77911.01252906921,-5393.0125290692085,-6.922015712550307,78709.96401324775,-6191.964013247751,-7.866810880774351,-3181.0949528268934,0.9706242254318008
2022-05-09,Monday,88932,80020.61409255285,8911.385907447155,11.136362809138323,78903.56824654821,10028.43175345179,12.709731608228637,79993.18556679672,8938.814433203283,11.174469887486984,-1117.0458460046364,0.9996572317512535
2022-05-10,Tuesday,74412,78972.69974804301,-4560.699748043015,-5.7750333502509275,80403.48899048212,-5991.4889904821175,-7.451777361541325,79989.89422934197,-5577.894229341968,-6.9732486623239955,1430.789242439101,1.0128803306021479
2022-05-11,Wednesday,79446,77947.90798899379,1498.0920110062143,1.9219143267036036,80641.3965830331,-1195.3965830331,-1.4823609630845735,78631.561686617,814.4383133829979,1.0357651506769123,2693.488594039319,1.0087706484402346
2022-05-12,Thursday,75673,76945.7823560321,-1272.7823560320976,-1.6541288126006284,77772.34086098976,-2099.3408609897597,-2.6993412281907787,77241.32299148072,-1568.3229914807162,-2.030419639049545,826.5585049576664,1.0038408945415764
2022-05-13,Friday,77585,75965.86638978518,1619.1336102148198,2.1313962272304683,77275.16245237495,309.83754762505123,0.4009536024152722,77999.9239537942,-414.92395379420486,-0.531954305545219,1309.29606258977,1.0267759410992847
2022-05-14,Saturday,73225,75007.70363088003,-1782.7036308800307,-2.3766940521908033,73058.26386304354,166.73613695646054,0.22822351386425963,73712.1732625119,-487.1732625119039,-0.6609129007456188,-1949.4397678364924,0.9827280358462439
2022-05-15,Sunday,67115,74070.83761994376,-6955.837619943763,-9.390791090596343,70889.74266711687,-3774.742667116865,-5.324807969528473,71894.9493919426,-4779.949391942602,-6.648519030014506,-3181.0949528268934,0.9706242254318008
2022-05-16,Monday,68349,73154.8118976034,-4805.811897603402,-6.569372229854429,72037.76605159877,-3688.7660515987664,-5.120600282019573,73129.73675084188,-4780.736750841883,-6.537336196259242,-1117.0458460046364,0.9996572317512535
2022-05-17,Tuesday,70722,72259.17000448603,-1537.1700044860336,-2.127300942414094,73689.95924692514,-2967.9592469251365,-4.027630463167857,73189.89200318062,-2467.892003180619,-3.3719027800633614,1430.789242439101,1.0128803306021479
2022-05-18,Wednesday,73933,71383.4554812188,2549.5445187812,3.5716182434625807,74076.94407525811,-143.94407525811403,-0.19431697278423735,72009.5346736937,1923.4653263062937,2.671125893289473,2693.488594039319,1.0087706484402346
2022-05-19,Thursday,70920,70527.21186842867,392.7881315713312,0.55693131936662,71353.77037338633,-433.7703733863309,-0.6079151404564312,70798.09945152672,121.90054847327701,0.17218053792070867,826.5585049576664,1.0038408945415764
2022-05-20,Friday,69884,69689.98270674281,194.0172932571877,0.2784005472832693,70999.27876933258,-1115.2787693325809,-1.5708311248568827,71555.99757890873,-1671.997578908733,-2.3366281450620954,1309.29606258977,1.0267759410992847
2022-05-21,Saturday,66814,68871.31153678826,-2057.3115367882565,-2.987182167555099,66921.87176895177,-107.87176895176526,-0.16119060346099298,67681.76871270269,-867.7687127026875,-1.282130667102118,-1949.4397678364924,0.9827280358462439
2022-05-22,Sunday,67909,68070.74189919214,-161.74189919214405,-0.23760854469850223,64889.646946365254,3019.353053634746,4.653058223803256,66071.1111304714,1837.8888695286005,2.781683004996389,-3181.0949528268934,0.9706242254318008
2022-05-23,Monday,66431,67287.81733458144,-856.817334581443,-1.2733617592632123,66170.77148857681,260.2285114231927,0.3932680631781911,67264.7532072717,-833.7532072717004,-1.2395097989916761,-1117.0458460046364,0.9996572317512535
2022-05-24,Tuesday,63380,66522.08138358335,-3142.081383583354,-4.723366013557676,67952.87062602246,-4572.870626022457,-6.729473801319121,67378.9077841469,-3998.907784146897,-5.934954892646347,1430.789242439101,1.0128803306021479
2022-05-25,Wednesday,62723,65773.07758682487,-3050.0775868248747,-4.63727363646405,68466.56618086419,-5743.566180864189,-8.388862624849244,66349.95012717119,-3626.9501271711924,-5.466394654735253,2693.488594039319,1.0087706484402346
2022-05-26,Thursday,63188,65040.34948493309,-1852.3494849330891,-2.8480005098407335,65866.90798989075,-2678.907989890751,-4.067153099553283,65290.162608251994,-2102.1626082519942,-3.2197233461726786,826.5585049576664,1.0038408945415764
2022-05-27,Friday,63846,64323.44061853514,-477.44061853513995,-0.7422498142886388,65632.73668112491,-1786.7366811249085,-2.722325430075735,66045.76127584037,-2199.76127584037,-3.3306623064772602,1309.29606258977,1.0267759410992847
2022-05-28,Saturday,60069,63621.894528257966,-3552.894528257966,-5.584389705150844,61672.454760421475,-1603.454760421475,-2.599952874667311,62523.019446571845,-2454.019446571845,-3.924985498611263,-1949.4397678364924,0.9827280358462439
2022-05-29,Sunday,56839,62935.2547547288,-6096.254754728798,-9.686549738278035,59754.15980190191,-2915.1598019019075,-4.878588890825842,61086.4828986617,-4247.482898661699,-6.953228762094526,-3181.0949528268934,0.9706242254318008
2022-05-30,Monday,60969,62263.0648385746,-1294.0648385746026,-2.0783828131969417,61146.01899256997,-177.01899256996694,-0.2895020730482503,62241.7230368783,-1272.7230368782984,-2.0448068831966757,-1117.0458460046364,0.9996572317512535
2022-05-31,Tuesday,62768,61604.86832042252,1163.1316795774765,1.888051563600029,63035.65756286163,-267.6575628616265,-0.42461294640213426,62398.359391091355,369.64060890864494,0.5923883456484254,1430.789242439101,1.0128803306021479
2022-06-01,Wednesday,63241,60960.208740899645,2280.791259100355,3.7414426659765,63653.69733493897,-412.6973349389664,-0.6483477821679344,61494.86930060939,1746.130699390611,2.8394737955371303,2693.488594039319,1.0087706484402346
2022-06-02,Thursday,61278,60328.629640632964,949.3703593670361,1.5736647177671172,61155.18814559063,122.81185440936679,0.2008200091167926,60560.345544920456,717.6544550795443,1.1850237125004948,826.5585049576664,1.0038408945415764
2022-06-03,Friday,65431,59709.67456024965,5721.325439750348,9.581906921929848,61018.97062283942,4412.029377160579,7.230586376868763,61308.45728933236,4122.542710667643,6.724264306981614,1309.29606258977,1.0267759410992847
2022-06-04,Saturday,58263,59102.88704037668,-839.8870403766778,-1.4210592450465258,57153.44727254019,1109.5527274598135,1.9413574865726546,58082.0640940318,180.93590596820286,0.3115176927515475,-1949.4397678364924,0.9827280358462439
2022-06-05,Sunday,56738,58507.81062164121,-1769.8106216412125,-3.024913430937005,55326.71566881432,1411.2843311856777,2.5508189201644007,56789.09836634099,-51.09836634099338,-0.08997918229192996,-3181.0949528268934,0.9706242254318008
2022-06-06,Monday,58478,57923.9888446704,554.011155329601,0.9564451039710739,56806.94299866576,1671.0570013342367,2.941642188655505,57904.134340453704,573.8656595462962,0.9910616333061647,-1117.0458460046364,0.9996572317512535
2022-06-07,Tuesday,58991,57350.96525009109,1640.0347499089112,2.859646289748029,58781.75449253019,209.24550746980822,0.35597016332065845,58089.664642864554,901.3353571354455,1.5516277511272585,1430.789242439101,1.0128803306021479
2022-06-08,Wednesday,61026,56788.28337853057,4237.71662146943,7.462308013824459,59481.77197256989,1544.2280274301083,2.5961365578386455,57286.35344756808,3739.646552431921,6.527988477839964,2693.488594039319,1.0087706484402346
2022-06-09,Thursday,60020,56235.48677061578,3784.513229384218,6.729759884219061,57062.04527557345,2957.9547244265486,5.183751669155049,56451.48134479593,3568.5186552040686,6.321390635275222,826.5585049576664,1.0038408945415764
2022-06-10,Friday,55376,55692.13004174775,-316.1300417477469,-0.5676386259795962,57001.426104337515,-1625.4261043375154,-2.8515534003698004,57183.33923543929,-1807.3392354392927,-3.16060457399661,1309.29606258977,1.0267759410992847
2022-06-11,Saturday,51958,55157.95382891853,-3199.9538289185293,-5.801436795214907,53208.51406108204,-1250.514061082038,-2.350214215053026,54205.26762759092,-2247.267627590918,-4.1458473058936445,-1949.4397678364924,0.9827280358462439
2022-06-12,Sunday,56684,54632.853123780355,2051.1468762196455,3.7544202049495947,51451.758170953464,5232.241829046536,10.169218730411318,53027.97074639865,3656.0292536013512,6.894529815379833,-3181.0949528268934,0.9706242254318008
2022-06-13,Monday,53802,54116.72759015563,-314.7275901556277,-0.5815717323840546,52999.68174415099,802.318255849008,1.5138171201142188,54098.17809421166,-296.1780942116602,-0.5474825671501686,-1117.0458460046364,0.9996572317512535
2022-06-14,Tuesday,59968,53609.47689186667,6358.523108133333,11.860819162549994,55040.26613430577,4927.73386569423,8.952961553038072,54299.98467764212,5668.015322357882,10.438336872481058,1430.789242439101,1.0128803306021479
2022-06-15,Wednesday,55989,53111.00069273588,2877.9993072641228,5.418838413371778,55804.4892867752,184.5107132248013,0.3306377597626854,53576.81860812092,2412.1813918790795,4.5022856051282085,2693.488594039319,1.0087706484402346
2022-06-16,Thursday,53430,52621.19865658555,808.8013434144523,1.5370256931865438,53447.75716154322,-17.75716154321708,-0.03322339885946371,52823.31113127684,606.6888687231622,1.1485248761014148,826.5585049576664,1.0038408945415764
2022-06-17,Friday,54665,52139.97044723808,2525.0295527619164,4.842790533065348,53449.26650982785,1215.7334901721479,2.2745559846899073,53536.06722485177,1128.932775148227,2.108733109600119,1309.29606258977,1.0267759410992847
2022-06-18,Saturday,47205,51667.21572851592,-4462.215728515919,-8.636454791685543,49717.77596067943,-2512.775960679428,-5.054079576420959,50774.82143052861,-3569.821430528609,-7.030692240666821,-1949.4397678364924,0.9827280358462439
2022-06-19,Sunday,55359,51202.834164241256,4156.165835758744,8.117062079859055,48021.739211414366,7337.260788585634,15.279040095327554,49698.71125057962,5660.288749420382,11.389206293260509,-3181.0949528268934,0.9706242254318008
2022-06-20,Monday,50484,50746.725418236645,-262.72541823664506,-0.5177189583590954,49629.67957223201,854.3204277679906,1.7213901744511484,50729.33105203542,-245.33105203542073,-0.48360789891704525,-1117.0458460046364,0.9996572317512535
2022-06-21,Tuesday,53342,50298.78915432426,3043.2108456757414,6.0502666104718985,51729.57839676336,1612.4216032366385,3.1170205774140336,50946.654187519685,2395.3458124803146,4.701674429225027,1430.789242439101,1.0128803306021479
2022-06-22,Wednesday,47645,49858.92503632662,-2213.9250363266183,-4.4403785976404,52552.41363036594,-4907.41363036594,-9.338131764761282,50296.220139428246,-2651.2201394282456,-5.271211498754156,2693.488594039319,1.0087706484402346
2022-06-23,Thursday,53111,49427.03272806607,3683.9672719339287,7.453344998883714,50253.59123302374,2857.4087669762594,5.685979244202823,49616.87674827762,3494.1232517223834,7.042207169647528,826.5585049576664,1.0038408945415764
2022-06-24,Friday,50617,49003.01189336488,1613.9881066351227,3.2936508273150866,50312.307955954646,304.6920440453541,0.605601405350145,50315.113653509165,301.8863464908354,0.5999913834434532,1309.29606258977,1.0267759410992847
2022-06-25,Saturday,46089,48586.76219604556,-2497.762196045558,-5.140828660216525,46637.32242820907,-548.3224282090669,-1.175715928059816,47747.57338104839,-1658.573381048387,-3.4736286340924205,-1949.4397678364924,0.9827280358462439
2022-06-26,Sunday,50450,48178.183299930315,2271.816700069685,4.7154470020727635,44997.088347103425,5452.911652896575,12.118365550306974,46762.91184820618,3687.088151793818,7.884641922560803,-3181.0949528268934,0.9706242254318008
2022-06-27,Monday,47986,47777.17486884161,208.8251311583881,0.43708137145332887,46660.129022836976,1325.8709771630238,2.8415501734127218,47760.798370281766,225.20162971823447,0.4715198183503604,-1117.0458460046364,0.9996572317512535
2022-06-28,Tuesday,47312,47383.636566601795,-71.6365666017955,-0.15118418887310203,48814.4258090409,-1502.4258090408985,-3.077831571589714,47993.95347071165,-681.9534707116472,-1.4209153891183606,1430.789242439101,1.0128803306021479
2022-06-29,Wednesday,45645,46997.46805703321,-1352.468057033213,-2.8777466381634467,49690.956651072534,-4045.9566510725344,-8.142239400788847,47409.666326942606,-1764.6663269426062,-3.722165675609823,2693.488594039319,1.0087706484402346
2022-06-30,Thursday,44212,46618.56900395824,-2406.5690039582405,-5.16225413043868,47445.12750891591,-3233.12750891591,-6.814456359735442,46797.626011181645,-2585.6260111816446,-5.525122173000496,826.5585049576664,1.0038408945415764
2022-07-01,Friday,47248,46246.839071199196,1001.160928800804,2.1648202318421577,47556.135133788965,-308.1351337889646,-0.6479398145414732,47485.14171019773,-237.14171019772766,-0.49940192164741926,1309.29606258977,1.0267759410992847
2022-07-02,Saturday,41765,45882.1779225786,-4117.177922578601,-8.973370726921269,43932.73815474211,-2167.73815474211,-4.934220460165249,45089.70259020357,-3324.7025902035675,-7.3735296513707995,-1949.4397678364924,0.9827280358462439
2022-07-03,Sunday,40486,45524.48522191863,-5038.485221918629,-11.06763799163786,42343.39026909174,-1857.3902690917384,-4.386493989470483,44187.168206706236,-3701.1682067062357,-8.376115412945865,-3181.0949528268934,0.9706242254318008
2022-07-04,Monday,42645,45173.66063304171,-2528.6606330417126,-5.597643842908217,44056.61478703708,-1411.614787037077,-3.204092719925501,45158.176536497056,-2513.176536497056,-5.56527461746799,-1117.0458460046364,0.9996572317512535
2022-07-05,Tuesday,44578,44829.60381977029,-251.60381977028737,-0.5612447988204786,46260.39306220939,-1682.3930622093903,-3.6367893803819737,45407.02393773224,-829.0239377322432,-1.8257614479845758,1430.789242439101,1.0128803306021479
2022-07-06,Wednesday,47344,44492.21444592664,2851.785554073358,6.409628267748416,47185.70303996596,158.2969600340366,0.335476531736658,44882.44001715939,2461.559982840612,5.484461143154232,2693.488594039319,1.0087706484402346
2022-07-07,Thursday,43407,44161.39217533312,-754.3921753331233,-1.7082617602678252,44987.95068029079,-1580.9506802907927,-3.514164696066955,44331.01142548778,-924.0114254877772,-2.084345463312673,826.5585049576664,1.0038408945415764
2022-07-08,Friday,42806,43837.03667181214,-1031.0366718121368,-2.35197620571627,45146.332734401905,-2340.3327344019053,-5.183882261645032,45010.81458370376,-2204.814583703759,-4.898410757716026,1309.29606258977,1.0267759410992847
2022-07-09,Saturday,47094,43519.04759918606,3574.9524008139415,8.214684369335334,41569.60783134957,5524.392168650433,13.289497921325669,42767.38816904731,4326.611830952686,10.1166145892539,-1949.4397678364924,0.9827280358462439
2022-07-10,Sunday,41785,43207.324621277265,-1422.3246212772647,-3.291859965282014,40026.229668450374,1758.7703315496256,4.394044470633541,41938.07599350762,-153.0759935076203,-0.3650048074006013,-3181.0949528268934,0.9706242254318008
2022-07-11,Monday,40545,42901.76740190807,-2356.767401908073,-5.493403989233448,41784.72155590344,-1239.7215559034375,-2.966925492718252,42887.062038227596,-2342.0620382275956,-5.460999021429789,-1117.0458460046364,0.9996572317512535
2022-07-12,Tuesday,46910,42602.2756049008,4307.724395099198,10.11148896141044,44033.064847339905,2876.935152660095,6.533579169731345,43151.00699909574,3758.993000904258,8.7112520942629,1430.789242439101,1.0128803306021479
2022-07-13,Wednesday,46246,42308.748894077944,3937.251105922056,9.30599748004641,45002.237488117265,1243.7625118827345,2.763779272555386,42679.82405657406,3566.1759434259366,8.355648183316799,2693.488594039319,1.0087706484402346
2022-07-14,Thursday,40549,42021.08693326179,-1472.0869332617876,-3.503210032619498,42847.64543821946,-2298.645438219457,-5.364694873452952,42182.48549669486,-1633.4854966948624,-3.872425907247337,826.5585049576664,1.0038408945415764
2022-07-15,Friday,39234,41739.18938627471,-2505.1893862747092,-6.002007760837114,43048.48544886448,-3814.485448864478,-8.86090511452615,42856.79546281349,-3622.7954628134903,-8.453257934221801,1309.29606258977,1.0267759410992847
2022-07-16,Saturday,38769,41462.955916939114,-2693.955916939114,-6.497259680028108,39513.51614910262,-744.5161491026229,-1.8842062708193872,40746.80922863297,-1977.8092286329702,-4.853899645332608,-1949.4397678364924,0.9827280358462439
2022-07-17,Sunday,39611,41192.28618907726,-1581.286189077262,-3.8387920054230036,38011.19123625037,1599.8087637496283,4.20878354957718,39982.230876038186,-371.23087603818567,-0.9284896512882392,-3181.0949528268934,0.9706242254318008
2022-07-18,Monday,42574,40927.079866511645,1646.9201334883546,4.024035281432179,39810.03402050701,2763.9659794929903,6.9428877605811925,40913.0513630195,1660.9486369805018,4.0597036438152365,-1117.0458460046364,0.9996572317512535
2022-07-19,Tuesday,39667,40667.236613064524,-1000.2366130645241,-2.4595637578757783,42098.02585550363,-2431.025855503627,-5.774678992900591,41191.04406531657,-1524.0440653165715,-3.699940363006816,1430.789242439101,1.0128803306021479
2022-07-20,Wednesday,42237,40412.6560925583,1824.3439074416965,4.514288551743166,43106.144686597625,-869.144686597625,-2.016289540427993,40767.10129168224,1469.8987083177635,3.6056002554630213,2693.488594039319,1.0087706484402346
2022-07-21,Thursday,39086,40163.23796881533,-1077.2379688153305,-2.6821492073217548,40989.796473773,-1903.796473773,-4.644561909428189,40317.50073030179,-1231.500730301792,-3.0545066236613763,826.5585049576664,1.0038408945415764
2022-07-22,Friday,43099,39918.88190565804,3180.1180943419604,7.966450818581708,41228.17796824781,1870.8220317521918,4.537726680992353,40987.74753631324,2111.25246368676,5.150935561453551,1309.29606258977,1.0267759410992847
2022-07-23,Saturday,36769,39679.48756690872,-2910.4875669087196,-7.334992827215749,37730.04779907223,-961.0477990722284,-2.5471682521850934,38994.144880013664,-2225.144880013664,-5.706356394942143,-1949.4397678364924,0.9827280358462439
2022-07-24,Sunday,39813,39444.95461638975,368.04538361025334,0.9330607353705183,36263.85966356286,3549.1403364371436,9.786990048395877,38286.22852172583,1526.7714782741677,3.9877823886669557,-3181.0949528268934,0.9706242254318008
2022-07-25,Monday,39228,39215.1827179235,12.817282076503034,0.032684488986570066,38098.13687191886,1129.8631280811387,2.965665045195245,39201.740998419,26.2590015809983,0.06698427394348971,-1117.0458460046364,0.9996572317512535
2022-07-26,Tuesday,39171,38990.071535332376,180.9284646676242,0.4640372729341336,40420.86077777148,-1249.8607777714788,-3.0921181630521115,39492.276546908855,-321.2765469088554,-0.8135174140372579,1430.789242439101,1.0128803306021479
2022-07-27,Wednesday,38384,38769.52073243867,-385.520732438672,-0.994391277362644,41463.00932647799,-3079.0093264779935,-7.425918611536378,39109.55456897928,-725.554568979278,-1.8551849464293562,2693.488594039319,1.0087706484402346
2022-07-28,Thursday,40650,38553.42997306482,2096.57002693518,5.438089499170214,39379.98847802249,1270.0115219775107,3.225017505239468,38701.509631807414,1948.4903681925862,5.034662437537554,826.5585049576664,1.0038408945415764
2022-07-29,Friday,37791,38341.69892103311,-550.6989210331085,-1.4362924349474027,39650.99498362288,-1859.994983622877,-4.690916291989934,39368.3339929892,-1577.3339929892027,-4.006605901255811,1309.29606258977,1.0267759410992847
2022-07-30,Saturday,37353,38134.22724016597,-781.227240165972,-2.0486248095336306,36184.78747232948,1168.2125276705192,3.228463145082313,37475.57423424264,-122.57423424263834,-0.3270776679137269,-1949.4397678364924,0.9827280358462439
2022-07-31,Sunday,39250,37930.91501292244,1319.0849870775564,3.477598646455446,34749.82006009555,4500.179939904447,12.950225158351719,36816.665004337316,2433.3349956626844,6.609330300221426,-3181.0949528268934,0.9706242254318008
2022-08-01,Monday,36662,37731.676152277025,-1069.6761522770248,-2.8349552984607396,36614.63030627239,47.369693727610866,0.12937367749278092,37718.74293172004,-1056.7429317200367,-2.8016387864065213,-1117.0458460046364,0.9996572317512535
2022-08-02,Tuesday,34909,37536.44123914615,-2627.441239146152,-6.999707890278197,38967.230481585255,-4058.230481585255,-10.414469880026637,38019.92301193445,-3110.92301193445,-8.182349582764626,1430.789242439101,1.0128803306021479
2022-08-03,Wednesday,38381,37345.1418467702,1035.8581532297976,2.7737427199500218,40038.630440809524,-1657.6304408095239,-4.140077776286718,37672.68295685892,708.3170431410836,1.880187413124297,2693.488594039319,1.0087706484402346
2022-08-04,Thursday,37229,37157.70954838961,71.29045161038812,0.19185911208425868,37984.26805334728,-755.2680533472812,-1.9883706914834833,37300.4283921715,-71.42839217150322,-0.1914948306236997,826.5585049576664,1.0038408945415764
2022-08-05,Friday,37350,36974.0759172447,375.92408275530033,1.0167234026259178,38283.37197983447,-933.3719798344682,-2.4380610473030333,37964.091596205326,-614.0915962053259,-1.6175590416779708,1309.29606258977,1.0267759410992847
2022-08-06,Saturday,38841,36794.17252657593,2046.8274734240695,5.5629120941520664,34844.73275873944,3996.2672412605607,11.46878430358532,36158.664897629795,2682.3351023702053,7.418236016081536,-1949.4397678364924,0.9827280358462439
2022-08-07,Sunday,36223,36617.93094962374,-394.93094962374016,-1.078517926550949,33436.83599679685,2786.16400320315,8.332618563162066,35542.25086489371,680.7491351062927,1.9153236459165612,-3181.0949528268934,0.9706242254318008
2022-08-08,Monday,35516,36445.28275962845,-929.2827596284478,-2.5498025787245164,35328.23691362381,187.76308637618786,0.5314816214442329,36432.79047388186,-916.7904738818615,-2.5163882918578397,-1117.0458460046364,0.9996572317512535
2022-08-09,Tuesday,36223,36276.15952983037,-53.159529830372776,-0.14654122850755186,37706.948772269476,-1483.9487722694757,-3.9354782621944855,36743.408457550846,-520.4084575508459,-1.4163314711319355,1430.789242439101,1.0128803306021479
2022-08-10,Wednesday,37654,36110.49283347007,1543.5071665299329,4.274400722383074,38803.98142750939,-1149.9814275093886,-2.9635655548843496,36427.20527111604,1226.7947288839569,3.367798105161557,2693.488594039319,1.0087706484402346
2022-08-11,Thursday,37301,35948.214243787836,1352.7857562121644,3.7631514796202636,36774.772748745505,526.2272512544951,1.4309463034613754,36086.28754365622,1214.7124563437828,3.3661330633533764,826.5585049576664,1.0038408945415764
2022-08-12,Friday,34198,35789.2553340241,-1591.2553340240993,-4.446181735754993,37098.55139661387,-2900.551396613868,-7.8185031151340665,36747.54632683519,-2549.5463268351887,-6.938004252472667,1309.29606258977,1.0267759410992847
2022-08-13,Saturday,35276,35633.547677419236,-357.5476774192357,-1.0034018522545582,33684.107909582744,1591.8920904172555,4.725944040704075,35018.08631926369,257.9136807363102,0.7365156347633711,-1949.4397678364924,0.9827280358462439
2022-08-14,Sunday,31652,35481.02284721365,-3829.0228472136514,-10.791748771454449,32299.927894386758,-647.9278943867575,-2.005973191349934,34438.74031860478,-2786.7403186047814,-8.091876453156173,-3181.0949528268934,0.9706242254318008
2022-08-15,Monday,35376,35331.61241664775,44.38758335224702,0.1256313548014928,34214.56657064312,1161.4334293568827,3.3945583585250474,35319.50186173431,56.49813826569152,0.1599630099169164,-1117.0458460046364,0.9996572317512535
2022-08-16,Tuesday,35105,35185.247958961874,-80.24795896187425,-0.22807273961937408,36616.03720140098,-1511.0372014009772,-4.12670872352938,35638.44558499185,-533.4455849918522,-1.4968261837337207,1430.789242439101,1.0128803306021479
2022-08-17,Wednesday,35815,35041.86104739654,773.1389526034618,2.2063295997827796,37735.34964143586,-1920.3496414358597,-5.088993900104722,35349.2008913348,465.7991086651964,1.3177076056035495,2693.488594039319,1.0087706484402346
2022-08-18,Thursday,34938,34901.38325519202,36.61674480797956,0.1049148812820545,35727.94176014969,-789.9417601496898,-2.210991513176885,35035.435787630355,-97.43578763035475,-0.2781063955389861,826.5585049576664,1.0038408945415764
2022-08-19,Friday,33965,34763.74615558876,-798.7461555887567,-2.29764120360874,36073.042218178525,-2108.042218178525,-5.8438160148195255,35694.578175041286,-1729.5781750412862,-4.845492686759522,1309.29606258977,1.0267759410992847
2022-08-20,Saturday,38245,34628.88132182715,3616.1186781728466,10.44249349138965,32679.441553990662,5565.558446009338,17.03076362799626,34030.772524951884,4214.227475048116,12.383578633009813,-1949.4397678364924,0.9827280358462439
2022-08-21,Sunday,35617,34496.72032714756,1120.2796728524409,3.247496174211161,31315.625374320665,4301.374625679335,13.735553974299789,33483.35244747506,2133.6475525249407,6.372263816390454,-3181.0949528268934,0.9706242254318008
2022-08-22,Monday,35888,34367.19474479047,1520.8052552095323,4.4251655292291865,33250.14889878583,2637.851101214168,7.933351243760874,34355.41476163347,1532.5852383665333,4.460971433469793,-1117.0458460046364,0.9996572317512535
2022-08-23,Tuesday,33549,34240.23614799614,-691.2361479961401,-2.0187832379672233,35671.02539043524,-2122.025390435243,-5.948876902776781,34681.26170947794,-1132.2617094779416,-3.264765045063251,1430.789242439101,1.0128803306021479
2022-08-24,Wednesday,33700,34115.776110005056,-415.77611000505567,-1.218720947940334,36809.26470404438,-3109.264704044377,-8.446962277143097,34414.993588531666,-714.9935885316663,-2.077564206694864,2693.488594039319,1.0087706484402346
2022-08-25,Thursday,36737,33993.74620405759,2743.253795942408,8.069877851870782,34820.30470901526,1916.6952909847387,5.50453336638519,34124.312598300494,2612.687401699506,7.656381045547059,826.5585049576664,1.0038408945415764
2022-08-26,Friday,34716,33874.078003394156,841.9219966058445,2.485446235677572,35183.374065983924,-467.3740659839241,-1.328394670469629,34781.08832080561,-65.08832080561115,-0.1871371022242456,1309.29606258977,1.0267759410992847
2022-08-27,Saturday,31241,33756.703081255124,-2515.703081255124,-7.45245492487706,31807.263313418633,-566.2633134186326,-1.78029561310841,33173.6585156867,-1932.6585156867004,-5.825882950995024,-1949.4397678364924,0.9827280358462439
2022-08-28,Sunday,30214,33641.55301088089,-3427.553010880889,-10.188450603847851,30460.458058053995,-246.45805805399505,-0.8091081807905692,32653.30633350913,-2439.3063335091283,-7.470319570688893,-3181.0949528268934,0.9706242254318008
2022-08-29,Monday,34281,33528.55936551187,752.4406344881281,2.2441782430476365,32411.513519507236,1869.4864804927638,5.767970321310642,33517.06683993516,763.9331600648366,2.2792363177634023,-1117.0458460046364,0.9996572317512535
2022-08-30,Tuesday,33660,33417.65371838845,242.34628161154978,0.7252043595095247,34848.44296082755,-1188.4429608275532,-3.4103186824256637,33848.08414622939,-188.08414622939017,-0.5556714684849966,1430.789242439101,1.0128803306021479
2022-08-31,Wednesday,35343,33308.76764275099,2034.2323572490131,6.107197897763488,36002.25623679031,-659.2562367903083,-1.8311525601459993,33600.90713372302,1742.0928662769802,5.184660221653826,2693.488594039319,1.0087706484402346
2022-09-01,Thursday,31903,33201.83271183995,-1298.8327118399466,-3.911930775365831,34028.391216797616,-2125.391216797616,-6.245935058335781,33329.35744987318,-1426.3574498731832,-4.279582803294069,826.5585049576664,1.0038408945415764
2022-09-02,Friday,35724,33096.78049889568,2627.2195011043223,7.937991132376103,34406.076561485446,1317.9234385145537,3.830496151339302,33982.97794411006,1741.0220558899382,5.123218038022746,1309.29606258977,1.0267759410992847
2022-09-03,Saturday,31191,32993.54257715856,-1802.5425771585578,-5.463319293292436,31044.102809322067,146.8971906779334,0.4731887134255413,32423.67929246045,-1232.6792924604488,-3.801787210333919,-1949.4397678364924,0.9827280358462439
2022-09-04,Sunday,32018,32892.05051986899,-874.0505198689934,-2.6573305891677643,29710.9555670421,2307.0444329579004,7.764962078557544,31925.821058711503,92.1789412884973,0.28872849070656775,-3181.0949528268934,0.9706242254318008
2022-09-05,Monday,32733,32792.23590026742,-59.23590026742022,-0.1806400162757342,31675.190054262785,1057.8099457372155,3.3395535872873396,32780.99576299541,-47.99576299540786,-0.1464133772580134,-1117.0458460046364,0.9996572317512535
2022-09-06,Tuesday,32734,32694.03029159423,39.96970840576978,0.12225384282477453,34124.81953403333,-1390.8195340333332,-4.075683191954297,33115.1402104666,-381.14021046659764,-1.150954542376154,1430.789242439101,1.0128803306021479
2022-09-07,Wednesday,30992,32597.365267089743,-1605.3652670897427,-4.92483135963911,35290.853861129064,-4298.853861129064,-12.181212384504008,32883.265297925296,-1891.2652979252962,-5.751452238061717,2693.488594039319,1.0087706484402346
2022-09-08,Thursday,31962,32502.172399994422,-540.1723999944224,-1.6619578326847937,33328.73090495209,-1366.7309049520918,-4.100758918333186,32627.00981655494,-665.0098165549389,-2.0382187037486745,826.5585049576664,1.0038408945415764
2022-09-09,Friday,32172,32408.38326354866,-236.3832635486615,-0.7293892497702397,33717.67932613843,-1545.67932613843,-4.584180634698062,33276.148224936485,-1104.1482249364853,-3.318137115728612,1309.29606258977,1.0267759410992847
2022-09-10,Saturday,29237,32315.92943099281,-3078.929430992808,-9.527590526422985,30366.489663156317,-1129.489663156317,-3.719526608723324,31757.76985626539,-2520.7698562653895,-7.9374901565012586,-1949.4397678364924,0.9827280358462439
2022-09-11,Sunday,27887,32224.7424755673,-4337.742475567298,-13.460906565370262,29043.647522740404,-1156.6475227404044,-3.9824458062121164,31278.115705086762,-3391.1157050867623,-10.841815846775146,-3181.0949528268934,0.9706242254318008
2022-09-12,Monday,29147,32134.75397051251,-2987.753970512509,-9.297578482331408,31017.708124507873,-1870.7081245078734,-6.031097194540236,32123.73919717014,-2976.73919717014,-9.266477911862665,-1117.0458460046364,0.9996572317512535
2022-09-13,Tuesday,29497,32045.895489068847,-2548.8954890688474,-7.953890662653816,33476.68473150795,-3979.6847315079503,-11.887929654403045,32458.657217409935,-2961.6572174099347,-9.124398454232367,1430.789242439101,1.0128803306021479
2022-09-14,Wednesday,32142,31958.098604476705,183.90139552329492,0.5754453598736126,34651.58719851603,-2509.5871985160265,-7.24234415046795,32238.39185215492,-96.39185215492034,-0.2989970858254122,2693.488594039319,1.0087706484402346
2022-09-15,Thursday,33344,31871.294889976445,1472.7051100235549,4.620788440217162,32697.85339493411,646.1466050658892,1.9761132245029789,31993.709172552328,1350.2908274476722,4.220488534683868,826.5585049576664,1.0038408945415764
2022-09-16,Friday,37309,31785.415918808518,5523.584081191482,17.377731017585926,33094.711981398286,4214.288018601714,12.734022344628531,32636.5003432668,4672.499656733198,14.316791345850218,1309.29606258977,1.0267759410992847
2022-09-17,Saturday,33418,31700.3932642133,1717.6067357866996,5.418250560713746,29750.95349637681,3667.046503623191,12.32581168892546,31152.865208093837,2265.1347919061627,7.271031979805367,-1949.4397678364924,0.9827280358462439
2022-09-18,Sunday,33102,31616.15849943114,1485.8415005688585,4.699626934738427,28435.063546604248,4666.936453395752,16.412611302052404,30687.4093546394,2414.5906453606003,7.868343063620509,-3181.0949528268934,0.9706242254318008
2022-09-19,Monday,35050,31532.643197702506,3517.356802297494,11.15465259364547,30415.59735169787,4634.40264830213,15.236927931134078,31521.83480881528,3528.1651911847184,11.192765943301133,-1117.0458460046364,0.9996572317512535
2022-09-20,Tuesday,31277,31449.77897867412,-172.77897867411957,-0.5493805816291422,32880.56822111322,-1603.5682211132225,-4.8769480208786105,31854.862529283924,-577.8625292839242,-1.814048102554829,1430.789242439101,1.0128803306021479
2022-09-21,Wednesday,31976,31367.501505152206,608.4984948477941,1.93990106208442,34060.99009919153,-2084.9900991915274,-6.121343193840442,31642.614833302425,333.3851666975752,1.0535955023119719,2693.488594039319,1.0087706484402346
2022-09-22,Thursday,34455,31285.753563328093,3169.246436671907,10.129998723721876,32112.31206828576,2342.687931714241,7.295295109030435,31405.918843418585,3049.0811565814147,9.70861948597431,826.5585049576664,1.0038408945415764
2022-09-23,Friday,31509,31204.47866449361,304.52133550638973,0.975889835496252,32513.77472708338,-1004.7747270833788,-3.090304757037084,32040.007947247977,-531.0079472479774,-1.657327763845288,1309.29606258977,1.0267759410992847
2022-09-24,Saturday,32777,31123.6203199405,1653.379680059501,5.312298707744491,29174.180552104008,3602.819447895992,12.349342396992059,30586.054265439372,2190.945734560628,7.163217967072925,-1949.4397678364924,0.9827280358462439
2022-09-25,Sunday,28994,31043.122040960545,-2049.122040960545,-6.600889041562201,27862.02708813365,1131.972911866349,4.062780171326632,30131.206285992193,-1137.2062859921934,-3.774181077247058,-3181.0949528268934,0.9706242254318008
2022-09-26,Monday,31706,30962.927338845475,743.0726611545251,2.399878580673737,29845.88149284084,1860.1185071591608,6.232412695216756,30952.314230465476,753.6857695345243,2.434990042821073,-1117.0458460046364,0.9996572317512535
2022-09-27,Tuesday,30985,30882.97972488709,102.0202751129109,0.3303446624054146,32313.76896732619,-1328.7689673261884,-4.112082897757184,31280.762713723067,-295.76271372306655,-0.9455099174845683,1430.789242439101,1.0128803306021479
2022-09-28,Wednesday,31355,30803.222710377115,551.7772896228853,1.7912972769469355,33496.711304416436,-2141.711304416436,-6.3937957519252295,31073.386947596082,281.6130524039181,0.9062837368802001,2693.488594039319,1.0087706484402346
2022-09-29,Thursday,30477,30723.59980660728,-246.59980660727888,-0.802639691180479,31550.158311564945,-1073.1583115649446,-3.4014355838321437,30841.605913402054,-364.6059134020543,-1.1821884840426444,826.5585049576664,1.0038408945415764
2022-09-30,Friday,31223,30644.054524869396,578.9454751306039,1.8892587293262926,31953.350587459165,-730.3505874591647,-2.285677633273951,31464.57792387057,-241.57792387056907,-0.7677774176887853,1309.29606258977,1.0267759410992847
2022-10-01,Saturday,28202,30564.530376455237,-2362.5303764552373,-7.729647232777914,28615.090608618746,-413.09060861874605,-1.4436110451955895,30036.620903416715,-1834.620903416715,-6.1079470600770005,-1949.4397678364924,0.9827280358462439
2022-10-02,Sunday,30088,30484.97087265653,-396.97087265652954,-1.3021855074580118,27303.875919829636,2784.1240801703643,10.196809011091258,29589.451240583254,498.5487594167462,1.6848868042978922,-3181.0949528268934,0.9706242254318008
2022-10-03,Monday,32288,30405.31952476503,1882.6804752349708,6.191944385591916,29288.273678760394,2999.7263212396065,10.242072831404135,30394.89754663895,1893.1024533610507,6.228356093177188,-1117.0458460046364,0.9996572317512535
2022-10-04,Tuesday,32014,30325.519844072536,1688.4801559274638,5.567852305943228,31756.309086511636,257.69091348836446,0.8114636773006396,30716.122565346188,1297.877434653812,4.225394764240433,1430.789242439101,1.0128803306021479
2022-10-05,Wednesday,30935,30245.51534187075,689.4846581292513,2.279626087821208,32939.00393591007,-2004.0039359100701,-6.083984627492961,30510.788123828017,424.211876171983,1.3903668251712127,2693.488594039319,1.0087706484402346
2022-10-06,Thursday,32522,30165.24952945148,2356.750470548519,7.812799520347193,30991.808034409147,1530.1919655908532,4.937407859173408,30281.111071714444,2240.888928285556,7.400286346754193,826.5585049576664,1.0038408945415764
2022-10-07,Friday,29026,30084.665918106446,-1058.665918106446,-3.5189552079063913,31393.961980696215,-2367.9619806962146,-7.542730612186658,30890.211160721323,-1864.2111607213228,-6.034957647333193,1309.29606258977,1.0267759410992847
2022-10-08,Saturday,26905,30003.708019127444,-3098.7080191274435,-10.32775021391359,28054.268251290952,-1149.2682512909523,-4.096589656149977,29485.48504974131,-2580.48504974131,-8.751713073019125,-1949.4397678364924,0.9827280358462439
2022-10-09,Sunday,28408,29922.319343806274,-1514.3193438062735,-5.060835446633678,26741.22439097938,1666.7756090206203,6.232981649048478,29043.328036204955,-635.3280362049554,-2.187518026215747,-3181.0949528268934,0.9706242254318008
2022-10-10,Monday,26878,29840.443403434634,-2962.443403434634,-9.927611876885372,28723.39755743,-1845.3975574299984,-6.42471892031673,29830.215046907422,-2952.215046907422,-9.89672733590798,-1117.0458460046364,0.9996572317512535
2022-10-11,Tuesday,28575,29758.02370930421,-1183.0237093042088,-3.975478078990582,31188.812951743308,-2613.812951743308,-8.380610559906572,30141.316892746603,-1566.3168927466031,-5.196577502967468,1430.789242439101,1.0128803306021479
2022-10-12,Wednesday,29151,29675.003772706914,-524.0037727069139,-1.7658086136078524,32368.49236674623,-3217.4923667462317,-9.940198419780968,29935.27279825996,-784.2727982599608,-2.619895277204716,2693.488594039319,1.0087706484402346
2022-10-13,Thursday,27197,29591.327104934448,-2394.3271049344476,-8.091313702977471,30417.885609892113,-3220.8856098921133,-10.588788619958049,29704.984271689795,-2507.9842716897947,-8.44297458214788,826.5585049576664,1.0038408945415764
2022-10-14,Friday,28906,29506.937217278508,-600.9372172785079,-2.0365963869900208,30816.233279868276,-1910.2332798682764,-6.198789003574293,30297.01323022865,-1391.013230228651,-4.591255315031439,1309.29606258977,1.0267759410992847
2022-10-15,Saturday,30403,29421.777621030953,981.222378969047,3.3350207169931854,27472.33785319446,2930.662146805538,10.66768384425923,28913.605732620723,1489.3942673792772,5.151188271544155,-1949.4397678364924,0.9827280358462439
2022-10-16,Sunday,30459,29335.79182748351,1123.2081725164899,3.8287978695846956,26154.696874656616,4304.303125343384,16.45709428777272,28474.030219979733,1984.9697800202666,6.971158507191047,-3181.0949528268934,0.9706242254318008
2022-10-17,Monday,31269,29248.923347927892,2020.0766520721081,6.906499183038196,28131.877501923256,3137.122498076744,11.151486415587698,29238.897745694205,2030.1022543057952,6.943155901301899,-1117.0458460046364,0.9996572317512535
2022-10-18,Tuesday,28612,29161.115693655956,-549.1156936559564,-1.8830407568233658,30591.904936095056,-1979.9049360950557,-6.471989698683286,29536.72050451773,-924.7205045177288,-3.130748738257147,1430.789242439101,1.0128803306021479
2022-10-19,Wednesday,28322,29072.312375959344,-750.3123759593436,-2.580848631014974,31765.80096999866,-3443.8009699986615,-10.84122189536846,29327.295407153564,-1005.2954071535642,-3.4278490164093034,2693.488594039319,1.0087706484402346
2022-10-20,Thursday,28741,28982.456906129897,-241.4569061298971,-0.8331140003483558,29809.015411087563,-1068.0154110875628,-3.582860407695019,29093.775466662126,-352.77546666212584,-1.212546192453994,826.5585049576664,1.0038408945415764
2022-10-21,Friday,28637,28891.49279545933,-254.4927954593295,-0.8808572034025405,30200.788858049098,-1563.788858049098,-5.177973546980108,29665.08970482096,-1028.089704820959,-3.465655135551069,1309.29606258977,1.0267759410992847
2022-10-22,Saturday,29084,28799.36355523947,284.63644476053014,0.988342829919053,26849.92378740298,2234.0762125970214,8.32060541507075,28301.941980262385,782.0580197376148,2.7632662814552362,-1949.4397678364924,0.9827280358462439
2022-10-23,Sunday,29279,28706.012696762,572.9873032379983,1.9960532634427157,25524.917743935108,3754.082256064892,14.707519505941944,27862.75133903006,1416.2486609699408,5.08294620203592,-3181.0949528268934,0.9706242254318008
2022-10-24,Monday,28947,28611.383731318754,335.61626868124586,1.17301655813966,27494.33788531412,1452.6621146858815,5.283495535500091,28601.576657422956,345.4233425770435,1.2077073467465504,-1117.0458460046364,0.9996572317512535
2022-10-25,Tuesday,28953,28515.420170201425,437.5798297985748,1.5345375491112179,29946.209412640525,-993.2094126405245,-3.3166448512888684,28882.708209252774,70.2917907472256,0.24336980534500965,1430.789242439101,1.0128803306021479
2022-10-26,Wednesday,30063,28418.0655247018,1644.9344752981997,5.788340778749966,31111.554118741118,-1048.5541187411181,-3.3703045329692656,28667.31038677051,1395.6896132294896,4.868575371736225,2693.488594039319,1.0087706484402346
2022-10-27,Thursday,27609,28319.263306111636,-710.2633061116358,-2.508057142709473,29145.8218110693,-1536.8218110693015,-5.272871772260789,28428.034609965547,-819.0346099655471,-2.8810806698484592,826.5585049576664,1.0038408945415764
2022-10-28,Friday,27905,28218.957025722702,-313.9570257227024,-1.112574874530331,29528.25308831247,-1623.253088312471,-5.497287914248364,28974.5461569267,-1069.546156926699,-3.6913301458943186,1309.29606258977,1.0267759410992847
2022-10-29,Saturday,25156,28117.09019482677,-2961.090194826771,-10.531282484457009,26167.65042699028,-1011.6504269902798,-3.866034628568816,27631.452820873797,-2475.4528208737975,-8.958822530691368,-1949.4397678364924,0.9827280358462439
2022-10-30,Sunday,24672,28013.60632471557,-3341.606324715569,-11.928511759542253,24832.511371888675,-160.51137188867506,-0.6463759121454783,27190.684940478444,-2518.6849404784443,-9.263043376773892,-3181.0949528268934,0.9706242254318008
2022-10-31,Monday,26498,27908.448926680852,-1410.4489266808523,-5.0538420475687715,26791.403080676217,-293.40308067621663,-1.0951389137504295,27898.882796517024,-1400.882796517024,-5.0212863602262745,-1117.0458460046364,0.9996572317512535
2022-11-01,Tuesday,27502,27801.561512014436,-299.5615120144357,-1.0774988731657404,29232.350754453535,-1730.350754453535,-5.919300739746074,28159.65481554513,-657.654815545131,-2.335450558087389,1430.789242439101,1.0128803306021479
2022-11-02,Wednesday,27670,27692.88759200803,-22.88759200803179,-0.08264790709162805,30386.37618604735,-2716.3761860473496,-8.9394542126897,27935.77217337247,-265.7721733724684,-0.9513686313127737,2693.488594039319,1.0087706484402346
2022-11-03,Thursday,29554,27582.370677953397,1971.6293220466032,7.148150335107081,28408.929182911063,1145.0708170889375,4.0306722218088264,27688.311654934085,1865.6883450659152,6.738180241240703,826.5585049576664,1.0038408945415764
2022-11-04,Friday,27330,27469.95428114233,-139.95428114233073,-0.5094813034996823,28779.2503437321,-1449.2503437320993,-5.035747375010186,28205.488158974244,-875.4881589742436,-3.103963859940096,1309.29606258977,1.0267759410992847
2022-11-05,Saturday,29743,27355.58191286656,2387.4180871334393,8.72735259201534,25406.14214503007,4336.8578549699305,17.070115683889075,26883.09728266239,2859.902717337609,10.638293226658948,-1949.4397678364924,0.9827280358462439
2022-11-06,Sunday,31068,27239.197084417872,3828.8029155821278,14.05622531279524,24058.10213159098,7009.897868409022,29.13736848429221,26439.024571447266,4628.975428552734,17.50811727582333,-3181.0949528268934,0.9706242254318008
2022-11-07,Monday,26096,27120.743307088007,-1024.743307088007,-3.7784484572743637,26003.69746108337,92.30253891662869,0.35495928628906287,27111.447177399936,-1015.4471773999358,-3.745455455607,-1117.0458460046364,0.9996572317512535
2022-11-08,Tuesday,27213,27000.16409216872,212.83590783127875,0.7882763493760057,28430.95333460782,-1217.9533346078206,-4.283899031712231,27347.935131988095,-134.93513198809524,-0.49340153593631086,1430.789242439101,1.0128803306021479
2022-11-09,Wednesday,28984,26877.402950951786,2106.597049048214,7.837799853254107,29570.891544991104,-586.8915449911037,-1.9846934411773425,27113.135203221107,1870.864796778893,6.900215643658317,2693.488594039319,1.0087706484402346
2022-11-10,Thursday,27467,26752.403487777614,714.5965122223861,2.6711488279879756,27578.96199273528,-111.96199273527964,-0.40596884235444447,26855.156648307868,611.8433516921323,2.2783086306468605,826.5585049576664,1.0038408945415764
2022-11-11,Friday,25993,26625.156575700996,-632.1565757009957,-2.374283035307754,27934.452638290764,-1941.4526382907643,-6.95002928258399,27338.0701999312,-1345.0701999312005,-4.920135876798596,1309.29606258977,1.0267759410992847
2022-11-12,Saturday,24660,26495.77712162769,-1835.7771216276888,-6.928564930179762,24546.337353791198,113.66264620880247,0.4630533858088901,26038.143008957024,-1378.143008957024,-5.29278531300388,-1949.4397678364924,0.9827280358462439
2022-11-13,Sunday,25085,26364.40013097193,-1279.4001309719315,-4.852756461805248,23183.305178145038,1901.6948218549624,8.202863255441658,25589.9254560987,-504.9254560986992,-1.973141566844085,-3181.0949528268934,0.9706242254318008
2022-11-14,Monday,26536,26231.16060914799,304.83939085200836,1.1621269656886515,25114.114763143356,1421.885236856644,5.661697616128424,26222.169400163406,313.83059983659405,1.1968140204091517,-1117.0458460046364,0.9996572317512535
2022-11-15,Tuesday,27475,26096.193561570035,1378.806438429965,5.283553845417643,27526.982804009134,-51.98280400913427,-0.18884308672421338,26432.3211621007,1042.6788378993006,3.9447115957198595,1430.789242439101,1.0128803306021479
2022-11-16,Wednesday,25576,25959.633993652373,-383.63399365237274,-1.4778097169866824,28653.12258769169,-3077.1225876916906,-10.739222499308006,26187.31681704786,-611.3168170478602,-2.3344003561674365,2693.488594039319,1.0087706484402346
2022-11-17,Thursday,27465,25821.61691080923,1643.383089190771,6.364369415235309,26648.175415766895,816.8245842331053,3.0652176799684963,25920.795018256635,1544.2049817433654,5.957398222761859,826.5585049576664,1.0038408945415764
2022-11-18,Friday,29208,25682.2773184548,3525.7226815452013,13.728232266270576,26991.573381044567,2216.426618955433,8.211550277806213,26369.94446322924,2838.05553677076,10.762463078859343,1309.29606258977,1.0267759410992847
2022-11-19,Saturday,24749,25541.75022200338,-792.7502220033784,-3.1037427549520475,23592.310454166887,1156.6895458331128,4.902824367627027,25100.594027744744,-351.5940277447444,-1.4007398683716916,-1949.4397678364924,0.9827280358462439
2022-11-20,Sunday,24991,25400.17062686912,-409.1706268691196,-1.6108971584477692,22219.075674042226,2771.9243259577743,12.475425920602616,24654.020940540417,336.97905945958337,1.3668320485015244,-3181.0949528268934,0.9706242254318008
2022-11-21,Monday,24288,25257.673538466348,-969.673538466348,-3.839124521858979,24140.627692461712,147.3723075382877,0.6104742155660974,25249.01600994016,-961.0160099401583,-3.806152325151288,-1117.0458460046364,0.9996572317512535
2022-11-22,Tuesday,27437,25114.39396220926,2322.6060377907415,9.248107046842021,26545.183204648358,891.8167953516422,3.359618159257892,25437.8756593151,1999.124340684899,7.858849408098428,1430.789242439101,1.0128803306021479
2022-11-23,Wednesday,26663,24970.466903512104,1692.5330964878958,6.778139563941596,27663.955497551422,-1000.955497551422,-3.618266005524836,25189.474090111322,1473.5259098886781,5.849768457322192,2693.488594039319,1.0087706484402346
2022-11-24,Thursday,27705,24826.02736778911,2878.972632210891,11.59659010102541,25652.585872746775,2052.414127253225,8.000807939731734,24921.38152079508,2783.6184792049207,11.16959939352557,826.5585049576664,1.0038408945415764
2022-11-25,Friday,24197,24681.210360454497,-484.2103604544973,-1.9618582451301658,25990.506423044266,-1793.5064230442658,-6.900621303223504,25342.07299532508,-1145.0729953250811,-4.518466171004699,1309.29606258977,1.0267759410992847
2022-11-26,Saturday,26381,24536.150886922536,1844.8491130774637,7.518901891252819,22586.711119086045,3794.288880913955,16.79876658849962,24112.36336833246,2268.636631667541,9.408603366715246,-1949.4397678364924,0.9827280358462439
2022-11-27,Sunday,25206,24390.98395260742,815.0160473925789,3.3414644074063804,21209.888999780527,3996.1110002194728,18.840791671568027,23674.47990651906,1531.52009348094,6.469075981936216,-3181.0949528268934,0.9706242254318008
2022-11-28,Monday,26051,24245.844562923463,1805.155437076537,7.445215745699225,23128.798716918827,2922.2012830811727,12.634470639167128,24237.533857243252,1813.466142756748,7.482057182211232,-1117.0458460046364,0.9996572317512535
2022-11-29,Tuesday,23739,24100.867723284828,-361.86772328482766,-1.5014717620943272,25531.656965723927,-1792.656965723927,-7.021310712933973,24411.29486735937,-672.294867359371,-2.754031979918871,1430.789242439101,1.0128803306021479
2022-11-30,Wednesday,2569,23956.18843910577,-21387.18843910577,-89.27625733730497,26649.677033145086,-24080.677033145086,-90.3601083164916,24166.299745873177,-21597.299745873177,-89.36949377018837,2693.488594039319,1.0087706484402346
2022-12-01,Thursday,22628,23811.941715800553,-1183.9417158005526,-4.972050284395502,24638.50022075822,-2010.5002207582183,-8.159994328974411,23903.400872761107,-1275.4008727611072,-5.335646084630903,826.5585049576664,1.0038408945415764
2022-12-02,Friday,24646,23668.262558783375,977.7374412166246,4.131006400610436,24977.558621373144,-331.558621373144,-1.3274260563217388,24302.002562979764,343.99743702023625,1.4155106606081165,1309.29606258977,1.0267759410992847
2022-12-03,Saturday,23873,23525.28597346852,347.71402653148107,1.478043782012376,21575.846205632028,2297.1537943679723,10.646876940420242,23118.95807742791,754.0419225720907,3.261573986365312,-1949.4397678364924,0.9827280358462439
2022-12-04,Sunday,25577,23383.146965270178,2193.853034729822,9.38219752024072,20202.052012443284,5374.947987556716,26.605950644251692,22696.24891132333,2880.7510886766686,12.692630839272475,-3181.0949528268934,0.9706242254318008
2022-12-05,Monday,23153,23241.98053960265,-88.98053960264951,-0.3828440500198902,22124.934693598014,1028.0653064019862,4.646636569279742,23234.01392663569,-81.01392663568913,-0.3486867438898021,-1117.0458460046364,0.9996572317512535
2022-12-06,Tuesday,23509,23101.92170188007,407.07829811992997,1.7620971249625579,24532.71094431917,-1023.7109443191694,-4.172840688673346,23399.48209094522,109.51790905477901,0.468035611340127,1430.789242439101,1.0128803306021479
2022-12-07,Wednesday,24899,22963.10545751678,1935.89454248322,8.430456177039074,25656.594051556098,-757.5940515560978,-2.952823940830716,23164.50678258069,1734.493217419309,7.4877191804645635,2693.488594039319,1.0087706484402346
2022-12-08,Thursday,21199,22825.666811926974,-1626.6668119269743,-7.12648101512198,23652.22531688464,-2453.22531688464,-10.37206979054674,22913.337790992748,-1714.3377909927476,-7.481833535691405,826.5585049576664,1.0038408945415764
2022-12-09,Friday,23640,22689.740770524848,950.2592294751521,4.188056792211519,23999.036833114616,-359.03683311461646,-1.4960468439266956,23297.27993295446,342.7200670455386,1.4710733099822282,1309.29606258977,1.0267759410992847
2022-12-10,Saturday,21157,22555.46233872474,-1398.4623387247411,-6.200104957829955,20606.02257088825,550.9774291117501,2.673865988529777,22165.885201738893,-1008.8852017388926,-4.551522271981029,-1949.4397678364924,0.9827280358462439
2022-12-11,Sunday,21947,22422.96652194076,-475.9665219407616,-2.1226741853047444,19241.871569113868,2705.1284308861323,14.058551535227348,21764.27451224195,182.72548775804898,0.8395661783041273,-3181.0949528268934,0.9706242254318008
2022-12-12,Monday,22873,22292.38832558728,580.6116744127212,2.604528801188579,21175.342479582643,1697.6575204173569,8.017143156264158,22284.74720268054,588.2527973194592,2.6397104349862257,-1117.0458460046364,0.9996572317512535
2022-12-13,Tuesday,24101,22163.86275507843,1937.1372449215705,8.740070565893179,23594.65199751753,506.3480024824712,2.146028695552474,22449.340634784472,1651.659365215528,7.357273392058292,1430.789242439101,1.0128803306021479
2022-12-14,Wednesday,20824,22037.524815828496,-1213.5248158284958,-5.506629378617326,24731.013409867814,-3907.0134098678136,-15.798031989699593,22230.808198481074,-1406.8081984810742,-6.328191876430273,2693.488594039319,1.0087706484402346
2022-12-15,Thursday,22176,21913.5095132517,262.4904867482983,1.1978477778265642,22740.068018209367,-564.0680182093674,-2.4805027749155526,21997.67699232793,178.32300767206834,0.8106447227780531,826.5585049576664,1.0038408945415764
2022-12-16,Friday,22853,21791.951852762315,1061.048147237685,4.868990875194084,23101.247915352084,-248.2479153520835,-1.0746082474060146,22375.451872010326,477.54812798967396,2.1342502074205867,1309.29606258977,1.0267759410992847
2022-12-17,Saturday,22336,21672.986839774516,663.0131602254842,3.0591683791765827,19723.547071938025,2612.4529280619754,13.245350435870037,21298.651787973104,1037.3482120268964,4.870487683228217,-1949.4397678364924,0.9827280358462439
2022-12-18,Sunday,22166,21556.749479702572,609.250520297428,2.8262633977867897,18375.654526875678,3790.345473124322,20.626995721870355,20923.503266563683,1242.4967334363173,5.938282502729169,-3181.0949528268934,0.9706242254318008
2022-12-19,Monday,26010,21443.374777960722,4566.625222039278,21.2962057946812,20326.328931956086,5683.671068043914,27.962113016425295,21436.024669940867,4573.975330059133,21.337796538707522,-1117.0458460046364,0.9996572317512535
2022-12-20,Tuesday,24137,21332.99773996322,2804.002260036781,13.143967360874129,22763.78698240232,1373.2130175976818,6.032445386434394,21607.773803588818,2529.226196411182,11.705167868756128,1430.789242439101,1.0128803306021479
2022-12-21,Wednesday,22180,21225.753371124287,954.2466288757132,4.4957020473717515,23919.241965163605,-1739.2419651636046,-7.271308880509954,21411.91699182154,768.0830081784588,3.587175349464667,2693.488594039319,1.0087706484402346
2022-12-22,Thursday,20490,21121.77667685815,-631.7766768581496,-2.9911152197265154,21948.335181815815,-1458.3351818158153,-6.644399995422183,21202.903193604692,-712.9031936046922,-3.3622904707678,826.5585049576664,1.0038408945415764
2022-12-23,Friday,21937,21021.202662579046,915.7973374209541,4.356541117655524,22330.498725168814,-393.4987251688144,-1.7621582482853375,21584.06514690839,352.9348530916104,1.6351639540068907,1309.29606258977,1.0267759410992847
2022-12-24,Saturday,20281,20924.166333701214,-643.1663337012142,-3.073796697292104,18974.726565864723,1306.273434135277,6.884280675144196,20562.764882838295,-281.7648828382953,-1.3702674929355272,-1949.4397678364924,0.9827280358462439
2022-12-25,Sunday,15554,20830.802695638922,-5276.802695638922,-25.331729999745324,17649.70774281203,-2095.7077428120283,-11.87389487321976,20218.881731577196,-4664.881731577196,-23.071907702450893,-3181.0949528268934,0.9706242254318008
2022-12-26,Monday,20011,20741.246753806365,-730.2467538063647,-3.5207466671324967,19624.20090780173,386.79909219827096,1.9710310448589854,20734.137312979743,-723.137312979743,-3.487665303186031,-1117.0458460046364,0.9996572317512535
2022-12-27,Tuesday,20879,20655.63351361781,223.3664863821905,1.0813828887646066,22086.42275605691,-1207.4227560569088,-5.466809946512453,20921.684902070014,-42.68490207001378,-0.20402229681697617,1430.789242439101,1.0128803306021479
2022-12-28,Wednesday,20160,20574.097980487495,-414.0979804874951,-2.0127151182045804,23267.586574526813,-3107.586574526813,-13.355861230270339,20754.54616084929,-594.5461608492915,-2.8646550796221417,2693.488594039319,1.0087706484402346
2022-12-29,Thursday,20001,20496.77515982963,-495.77515982963087,-2.418795912838377,21323.333664787297,-1322.3336647872966,-6.201345838202392,20575.50111166094,-574.5011116609385,-2.7921609711626725,826.5585049576664,1.0038408945415764
2022-12-30,Friday,21204,20423.8000570585,780.1999429415009,3.8200527852889086,21733.096119648268,-529.0961196482676,-2.434517920205244,20970.666524409866,233.33347559013419,1.1126659961834495,1309.29606258977,1.0267759410992847
2022-12-31,Saturday,20380,20355.307677588236,24.692322411763598,0.12130655455014584,18405.867909751745,1974.1320902482548,10.72555828352069,20003.731533042257,376.26846695774293,1.880991385713315,-1949.4397678364924,0.9827280358462439
