Date,Contest number,Word,Number of  reported results,Number in hard mode,1 try,2 tries,3 tries,4 tries,5 tries,6 tries,7 or more tries (X),year,month,day,day_of_week,day_name,week_of_year,day_of_year,quarter,is_weekend,is_first_day,is_last_day,season,school_period,is_school_day,days_since_start,is_holiday,holiday_name,is_major_holiday,days_from_holiday,trend,residuals,residuals_pct,yesterday_raw,yesterday_residual,change_from_yesterday,residual_change,residual_lag_2,past_2day_avg_residual,residual_lag_3,past_3day_avg_residual,residual_lag_7,past_7day_avg_residual,month_name
2022-01-07,202,slump,80630,1362,1,3,23,39,24,9,1,2022,1,7,4,Friday,1,7,1,False,False,False,Winter,Spring Semester,True,0,False,,False,,174095,-93465,-53.68620580717425,,,,,,,,,,,January
2022-01-08,203,crank,101503,1763,1,5,23,31,24,14,2,2022,1,8,5,Saturday,1,8,1,True,False,False,Winter,Spring Semester,False,1,False,,False,,174934,-73431,-41.97640252895378,80630.0,-93465.0,20873.0,20034.0,,-93465.0,,-93465.0,,-93465.0,January
2022-01-09,204,gorge,91477,1913,1,3,13,27,30,22,4,2022,1,9,6,Sunday,1,9,1,True,False,False,Winter,Spring Semester,False,2,False,,False,,176596,-85119,-48.1998459761263,101503.0,-73431.0,-10026.0,-11688.0,-93465.0,-83448.0,,-83448.0,,-83448.0,January
2022-01-10,205,query,107134,2242,1,4,16,30,30,17,2,2022,1,10,0,Monday,2,10,1,False,False,False,Winter,Spring Semester,True,3,False,,False,,179055,-71921,-40.1669877970456,91477.0,-85119.0,15657.0,13198.0,-73431.0,-79275.0,-93465.0,-84005.0,,-84005.0,January
2022-01-11,206,drink,153880,3017,1,9,35,34,16,5,1,2022,1,11,1,Tuesday,2,11,1,False,False,False,Winter,Spring Semester,True,4,False,,False,,182269,-28389,-15.57533096686765,107134.0,-71921.0,46746.0,43532.0,-85119.0,-78520.0,-73431.0,-76823.66666666667,,-80984.0,January
2022-01-12,207,favor,137586,3073,1,4,15,26,29,21,4,2022,1,12,2,Wednesday,2,12,1,False,False,False,Winter,Spring Semester,True,5,False,,False,,186183,-48597,-26.10173861201076,153880.0,-28389.0,-16294.0,-20208.0,-71921.0,-50155.0,-85119.0,-61809.666666666664,,-70465.0,January
2022-01-13,208,abbey,132726,3345,1,2,13,29,31,20,3,2022,1,13,3,Thursday,2,13,1,False,False,False,Winter,Spring Semester,True,6,False,,False,,190736,-58010,-30.413765623689287,137586.0,-48597.0,-4860.0,-9413.0,-28389.0,-38493.0,-71921.0,-49635.666666666664,,-66820.33333333333,January
2022-01-14,209,tangy,169484,3985,1,4,21,30,24,15,5,2022,1,14,4,Friday,2,14,1,False,False,False,Winter,Spring Semester,True,7,False,,False,,195853,-26369,-13.463669180456773,132726.0,-58010.0,36758.0,31641.0,-48597.0,-53303.5,-28389.0,-44998.666666666664,-93465.0,-65561.71428571429,January
2022-01-15,210,panic,205880,4655,1,9,35,34,16,5,1,2022,1,15,5,Saturday,2,15,1,True,False,False,Winter,Spring Semester,False,8,False,,False,-2.0,201456,4424,2.196013025176714,169484.0,-26369.0,36396.0,30793.0,-58010.0,-42189.5,-48597.0,-44325.333333333336,-73431.0,-55976.57142857143,January
2022-01-16,211,solar,209609,4955,1,9,32,32,18,7,1,2022,1,16,6,Sunday,2,16,1,True,False,False,Winter,Spring Semester,False,9,False,,False,-1.0,207459,2150,1.0363493509560926,205880.0,4424.0,3729.0,-2274.0,-26369.0,-10972.5,-58010.0,-26651.666666666668,-85119.0,-44854.42857142857,January
2022-01-17,212,shire,222197,5640,1,8,32,32,18,8,2,2022,1,17,0,Monday,3,17,1,False,False,False,Winter,Spring Semester,True,10,True,Martin Luther King Jr. Day,False,0.0,213775,8422,3.9396561805636767,209609.0,2150.0,12588.0,6272.0,4424.0,3287.0,-26369.0,-6598.333333333333,-71921.0,-32387.428571428572,January
2022-01-18,213,proxy,220950,6206,1,2,11,24,31,26,6,2022,1,18,1,Tuesday,3,18,1,False,False,False,Winter,Spring Semester,True,11,False,,False,1.0,220314,636,0.2886788855905662,222197.0,8422.0,-1247.0,-7786.0,2150.0,5286.0,4424.0,4998.666666666667,-28389.0,-20909.85714285714,January
2022-01-19,214,point,280622,7094,1,16,37,28,12,4,1,2022,1,19,2,Wednesday,3,19,1,False,False,False,Winter,Spring Semester,True,12,False,,False,2.0,226986,53636,23.62965116791344,220950.0,636.0,59672.0,53000.0,8422.0,4529.0,2150.0,3736.0,-48597.0,-16763.428571428572,January
2022-01-20,215,robot,243964,6589,1,8,29,34,20,8,1,2022,1,20,3,Thursday,3,20,1,False,False,False,Winter,Spring Semester,True,13,False,,False,,233706,10258,4.389275414409558,280622.0,53636.0,-36658.0,-43378.0,636.0,27136.0,8422.0,20898.0,-58010.0,-2158.714285714286,January
2022-01-21,216,prick,273727,7409,1,8,30,33,19,7,1,2022,1,21,4,Friday,3,21,1,False,False,False,Winter,Spring Semester,True,14,False,,False,,240388,33339,13.868828726891525,243964.0,10258.0,29763.0,23081.0,53636.0,31947.0,636.0,21510.0,-26369.0,7593.857142857143,January
2022-01-22,217,wince,241489,6850,1,3,17,33,29,15,3,2022,1,22,5,Saturday,3,22,1,True,False,False,Winter,Spring Semester,False,15,False,,False,,246955,-5466,-2.2133587090765525,273727.0,33339.0,-32238.0,-38805.0,10258.0,21798.5,53636.0,32411.0,4424.0,16123.57142857143,January
2022-01-23,218,crimp,269929,7630,1,5,28,38,20,7,1,2022,1,23,6,Sunday,3,23,1,True,False,False,Winter,Spring Semester,False,16,False,,False,,253333,16596,6.5510612513963835,241489.0,-5466.0,28440.0,22062.0,33339.0,13936.5,10258.0,12710.333333333334,2150.0,14710.714285714286,January
2022-01-24,219,knoll,258038,8317,1,1,11,29,33,21,4,2022,1,24,0,Monday,4,24,1,False,False,False,Winter,Spring Semester,True,17,False,,False,,259454,-1416,-0.5457614837312201,269929.0,16596.0,-11891.0,-18012.0,-5466.0,5565.0,33339.0,14823.0,8422.0,16774.428571428572,January
2022-01-25,220,sugar,276404,8708,1,6,25,34,23,9,1,2022,1,25,1,Tuesday,4,25,1,False,False,False,Winter,Spring Semester,True,18,False,,False,,265259,11145,4.201553952929024,258038.0,-1416.0,18366.0,12561.0,16596.0,7590.0,-5466.0,3238.0,636.0,15369.0,January
2022-01-26,221,whack,302348,10163,1,4,22,37,24,10,2,2022,1,26,2,Wednesday,4,26,1,False,False,False,Winter,Spring Semester,True,19,False,,False,,270695,31653,11.693234082639133,276404.0,11145.0,25944.0,20508.0,-1416.0,4864.5,16596.0,8775.0,53636.0,16870.285714285714,January
2022-01-27,222,mount,331844,11451,1,9,29,33,19,7,1,2022,1,27,3,Thursday,4,27,1,False,False,False,Winter,Spring Semester,True,20,False,,False,,275718,56126,20.356306080850725,302348.0,31653.0,29496.0,24473.0,11145.0,21399.0,-1416.0,13794.0,10258.0,13729.857142857143,January
2022-01-28,223,perky,296968,11148,1,4,17,30,27,17,4,2022,1,28,4,Friday,4,28,1,False,False,False,Winter,Spring Semester,True,21,False,,False,,280293,16675,5.949131801365,331844.0,56126.0,-34876.0,-39451.0,31653.0,43889.5,11145.0,32974.666666666664,33339.0,20282.428571428572,January
2022-01-29,224,could,313220,11592,1,7,29,35,20,8,1,2022,1,29,5,Saturday,4,29,1,True,False,False,Winter,Spring Semester,False,22,False,,False,,284392,28828,10.136712706405243,296968.0,16675.0,16252.0,12153.0,56126.0,36400.5,31653.0,34818.0,-5466.0,17901.85714285714,January
2022-01-30,225,wrung,294687,11524,0,2,18,39,27,12,2,2022,1,30,6,Sunday,4,30,1,True,False,False,Winter,Spring Semester,False,23,False,,False,,287996,6691,2.3232961568910677,313220.0,28828.0,-18533.0,-22137.0,16675.0,22751.5,56126.0,33876.333333333336,16596.0,22801.0,January
2022-01-31,226,light,341314,13347,1,10,25,27,19,12,5,2022,1,31,0,Monday,5,31,1,False,False,True,Winter,Spring Semester,True,24,False,,False,,291092,50222,17.25296469844585,294687.0,6691.0,46627.0,43531.0,28828.0,17759.5,16675.0,17398.0,-1416.0,21386.0,January
2022-02-01,227,those,351663,13606,1,13,34,30,15,6,1,2022,2,1,1,Tuesday,5,32,1,False,True,False,Winter,Spring Semester,True,25,False,,False,,293678,57985,19.74441394997242,341314.0,50222.0,10349.0,7763.0,6691.0,28456.5,28828.0,28580.333333333332,11145.0,28762.85714285714,February
2022-02-02,228,moist,361908,14205,3,13,32,29,16,7,1,2022,2,2,2,Wednesday,5,33,1,False,False,False,Winter,Spring Semester,True,26,False,,False,,295756,66152,22.36708638201761,351663.0,57985.0,10245.0,8167.0,50222.0,54103.5,6691.0,38299.333333333336,31653.0,35454.28571428572,February
2022-02-03,229,shard,358176,14609,1,7,22,28,25,14,4,2022,2,3,3,Thursday,5,34,1,False,False,False,Winter,Spring Semester,True,27,False,,False,,297337,60839,20.461294759817985,361908.0,66152.0,-3732.0,-5313.0,57985.0,62068.5,50222.0,58119.666666666664,56126.0,40382.71428571428,February
2022-02-04,230,pleat,359679,14813,1,10,28,31,19,9,2,2022,2,4,4,Friday,5,35,1,False,False,False,Winter,Spring Semester,True,28,False,,False,,298438,61241,20.520510122705556,358176.0,60839.0,1503.0,402.0,66152.0,63495.5,57985.0,61658.666666666664,16675.0,41056.0,February
2022-02-05,231,aloft,319698,13708,1,4,22,36,25,11,2,2022,2,5,5,Saturday,5,36,1,True,False,False,Winter,Spring Semester,False,29,False,,False,,299079,20619,6.8941650868165265,359679.0,61241.0,-39981.0,-40622.0,60839.0,61040.0,66152.0,62744.0,28828.0,47422.57142857143,February
2022-02-06,232,skill,311018,13716,1,3,17,33,27,16,3,2022,2,6,6,Sunday,5,37,1,True,False,False,Winter,Spring Semester,False,30,False,,False,,299285,11733,3.9203434853066472,319698.0,20619.0,-8680.0,-8886.0,61241.0,40930.0,60839.0,47566.333333333336,6691.0,46249.857142857145,February
2022-02-07,233,elder,288228,13340,1,3,13,24,30,24,5,2022,2,7,0,Monday,6,38,1,False,False,False,Winter,Spring Semester,True,31,False,,False,,299085,-10857,-3.6300717187421636,311018.0,11733.0,-22790.0,-22590.0,20619.0,16176.0,61241.0,31197.666666666668,50222.0,46970.142857142855,February
2022-02-08,234,frame,336236,15369,1,10,20,24,24,17,3,2022,2,8,1,Tuesday,6,39,1,False,False,False,Winter,Spring Semester,True,32,False,,False,,298510,37726,12.638102576128102,288228.0,-10857.0,48008.0,48583.0,11733.0,438.0,20619.0,7165.0,57985.0,38244.57142857143,February
2022-02-09,235,humor,305372,13846,1,5,22,34,25,11,2,2022,2,9,2,Wednesday,6,40,1,False,False,False,Winter,Spring Semester,True,33,False,,False,,297591,7781,2.614662405785121,336236.0,37726.0,-30864.0,-29945.0,-10857.0,13434.5,11733.0,12867.333333333334,66152.0,35350.42857142857,February
2022-02-10,236,pause,304830,13480,1,8,26,32,21,10,2,2022,2,10,3,Thursday,6,41,1,False,False,False,Winter,Spring Semester,True,34,False,,False,,296361,8469,2.857663457742415,305372.0,7781.0,-542.0,688.0,37726.0,22753.5,-10857.0,11550.0,60839.0,27011.714285714286,February
2022-02-11,237,ulcer,278826,10631,1,4,18,30,28,16,3,2022,2,11,4,Friday,6,42,1,False,False,False,Winter,Spring Semester,True,35,False,,False,,294849,-16023,-5.434307052084287,304830.0,8469.0,-26004.0,-24492.0,7781.0,8125.0,37726.0,17992.0,61241.0,19530.285714285714,February
2022-02-12,238,ultra,269885,9310,1,7,23,34,24,10,1,2022,2,12,5,Saturday,6,43,1,True,False,False,Winter,Spring Semester,False,36,False,,False,-2.0,293087,-23202,-7.916420721492254,278826.0,-16023.0,-8941.0,-7179.0,8469.0,-3777.0,7781.0,75.66666666666667,20619.0,8492.57142857143,February
2022-02-13,239,robin,277471,3249,1,6,29,34,21,8,1,2022,2,13,6,Sunday,6,44,1,True,False,False,Winter,Spring Semester,False,37,False,,False,-1.0,291100,-13629,-4.681896255582274,269885.0,-23202.0,7586.0,9573.0,-16023.0,-19612.5,8469.0,-10252.0,11733.0,2232.4285714285716,February
2022-02-14,240,cynic,261521,10343,1,6,25,33,22,11,2,2022,2,14,0,Monday,7,45,1,False,False,False,Winter,Spring Semester,True,38,True,Valentine's Day,False,0.0,288915,-27394,-9.481681463406193,277471.0,-13629.0,-15950.0,-13765.0,-23202.0,-18415.5,-16023.0,-17618.0,-10857.0,-1390.7142857142858,February
2022-02-15,241,aroma,287836,10343,1,6,25,33,22,11,2,2022,2,15,1,Tuesday,7,46,1,False,False,False,Winter,Spring Semester,True,39,False,,False,1.0,286553,1283,0.44773567193503466,261521.0,-27394.0,26315.0,28677.0,-13629.0,-20511.5,-23202.0,-21408.333333333332,37726.0,-3753.1428571428573,February
2022-02-16,242,caulk,289721,10740,1,4,20,31,26,15,3,2022,2,16,2,Wednesday,7,47,1,False,False,False,Winter,Spring Semester,True,40,False,,False,2.0,284033,5688,2.0025842067647073,287836.0,1283.0,1885.0,4405.0,-27394.0,-13055.5,-13629.0,-13246.666666666666,7781.0,-8959.285714285714,February
2022-02-17,243,shake,342003,12767,1,6,16,23,24,21,9,2022,2,17,3,Thursday,7,48,1,False,False,False,Winter,Spring Semester,True,41,False,,False,,281371,60632,21.54877368314432,289721.0,5688.0,52282.0,54944.0,1283.0,3485.5,-27394.0,-6807.666666666667,8469.0,-9258.285714285714,February
2022-02-18,244,dodge,265238,10220,1,3,15,29,27,19,7,2022,2,18,4,Friday,7,49,1,False,False,False,Winter,Spring Semester,True,42,False,,False,,278582,-13344,-4.789972072854671,342003.0,60632.0,-76765.0,-73976.0,5688.0,33160.0,1283.0,22534.333333333332,-16023.0,-1806.4285714285713,February
2022-02-19,245,swill,282327,11241,1,1,8,19,31,30,10,2022,2,19,5,Saturday,7,50,1,True,False,False,Winter,Spring Semester,False,43,False,,False,-2.0,275677,6650,2.4122433137331005,265238.0,-13344.0,17089.0,19994.0,60632.0,23644.0,5688.0,17658.666666666668,-23202.0,-1423.7142857142858,February
2022-02-20,246,tacit,273306,11094,1,4,21,32,26,14,3,2022,2,20,6,Sunday,7,51,1,True,False,False,Winter,Spring Semester,False,44,False,,False,-1.0,272665,641,0.23508701153430034,282327.0,6650.0,-9021.0,-6009.0,-13344.0,-3347.0,60632.0,17979.333333333332,-13629.0,2840.8571428571427,February
2022-02-21,247,other,278731,10887,1,9,26,30,21,10,2,2022,2,21,0,Monday,8,52,1,False,False,False,Winter,Spring Semester,True,45,True,Presidents' Day,False,0.0,269554,9177,3.4045126393969296,273306.0,641.0,5425.0,8536.0,6650.0,3645.5,-13344.0,-2017.6666666666667,-27394.0,4879.428571428572,February
2022-02-22,248,thorn,306356,11814,1,14,38,30,12,4,0,2022,2,22,1,Tuesday,8,53,1,False,False,False,Winter,Spring Semester,True,46,False,,False,1.0,266353,40003,15.018790852740535,278731.0,9177.0,27625.0,30826.0,641.0,4909.0,6650.0,5489.333333333333,1283.0,10103.857142857143,February
2022-02-23,249,trove,277576,11411,1,5,16,24,25,22,8,2022,2,23,2,Wednesday,8,54,1,False,False,False,Winter,Spring Semester,True,47,False,,False,2.0,263067,14509,5.51532499325267,306356.0,40003.0,-28780.0,-25494.0,9177.0,24590.0,641.0,16607.0,5688.0,15635.285714285714,February
2022-02-24,250,bloke,250674,10405,1,6,21,32,25,12,2,2022,2,24,3,Thursday,8,55,1,False,False,False,Winter,Spring Semester,True,48,False,,False,,259703,-9029,-3.4766637274116974,277576.0,14509.0,-26902.0,-23538.0,40003.0,27256.0,9177.0,21229.666666666668,60632.0,16895.428571428572,February
2022-02-25,251,vivid,255907,11687,1,2,10,29,33,21,4,2022,2,25,4,Friday,8,56,1,False,False,False,Winter,Spring Semester,True,49,False,,False,,256267,-360,-0.14047848532975374,250674.0,-9029.0,5233.0,8669.0,14509.0,2740.0,40003.0,15161.0,-13344.0,6943.857142857143,February
2022-02-26,252,spill,248363,10087,1,5,26,34,22,10,2,2022,2,26,5,Saturday,8,57,1,True,False,False,Winter,Spring Semester,False,50,False,,False,,252767,-4404,-1.7423160460028404,255907.0,-360.0,-7544.0,-4044.0,-9029.0,-4694.5,14509.0,1706.6666666666667,6650.0,8798.714285714286,February
2022-02-27,253,chant,250413,10438,1,9,33,33,16,7,1,2022,2,27,6,Sunday,8,58,1,True,False,False,Winter,Spring Semester,False,51,False,,False,,249210,1203,0.4827254123028771,248363.0,-4404.0,2050.0,5607.0,-360.0,-2382.0,-9029.0,-4597.666666666667,641.0,7219.571428571428,February
2022-02-28,254,choke,251094,10521,1,8,30,36,18,6,1,2022,2,28,0,Monday,9,59,1,False,False,True,Winter,Spring Semester,True,52,False,,False,,245604,5490,2.235305613915083,250413.0,1203.0,681.0,4287.0,-4404.0,-1600.5,-360.0,-1187.0,9177.0,7299.857142857143,February
2022-03-01,255,rupee,240137,10577,1,2,17,35,30,13,2,2022,3,1,1,Tuesday,9,60,1,False,True,False,Spring,Spring Semester,True,53,False,,False,,241958,-1821,-0.7526099570999926,251094.0,5490.0,-10957.0,-7311.0,1203.0,3346.5,-4404.0,763.0,40003.0,6773.142857142857,March
2022-03-02,256,nasty,257304,10813,1,7,26,31,21,11,2,2022,3,2,2,Wednesday,9,61,1,False,False,False,Spring,Spring Semester,True,54,False,,False,,238279,19025,7.9843376881722685,240137.0,-1821.0,17167.0,20846.0,5490.0,1834.5,1203.0,1624.0,14509.0,798.2857142857143,March
2022-03-03,257,mourn,240018,10465,1,8,29,34,19,8,1,2022,3,3,3,Thursday,9,62,1,False,False,False,Spring,Spring Semester,True,55,False,,False,,234578,5440,2.319058053184868,257304.0,19025.0,-17286.0,-13585.0,-1821.0,8602.0,5490.0,7564.666666666667,-9029.0,1443.4285714285713,March
2022-03-04,258,ahead,203730,9396,1,5,20,35,26,12,2,2022,3,4,4,Friday,9,63,1,False,False,False,Spring,Spring Semester,True,56,False,,False,,230863,-27133,-11.752857755465362,240018.0,5440.0,-36288.0,-32573.0,19025.0,12232.5,-1821.0,7548.0,-360.0,3510.4285714285716,March
2022-03-05,259,brine,229895,10405,1,9,25,29,22,12,3,2022,3,5,5,Saturday,9,64,1,True,False,False,Spring,Spring Semester,False,57,False,,False,,227144,2751,1.2111259817560667,203730.0,-27133.0,26165.0,29884.0,5440.0,-10846.5,19025.0,-889.3333333333334,-4404.0,-314.2857142857143,March
2022-03-06,260,cloth,218595,9911,1,8,33,34,17,7,1,2022,3,6,6,Sunday,9,65,1,True,False,False,Spring,Spring Semester,False,58,False,,False,,223429,-4834,-2.1635508371787013,229895.0,2751.0,-11300.0,-7585.0,-27133.0,-12191.0,5440.0,-6314.0,1203.0,707.8571428571429,March
2022-03-07,261,hoard,218595,9823,1,9,30,34,19,7,1,2022,3,7,0,Monday,10,66,1,False,False,False,Spring,Spring Semester,True,59,False,,False,,219727,-1132,-0.5151847519876939,218595.0,-4834.0,0.0,3702.0,2751.0,-1041.5,-27133.0,-9738.666666666666,5490.0,-154.57142857142858,March
2022-03-08,262,sweet,207473,9767,1,5,18,31,28,15,2,2022,3,8,1,Tuesday,10,67,1,False,False,False,Spring,Spring Semester,True,60,False,,False,,216046,-8573,-3.9681364153930185,218595.0,-1132.0,-11122.0,-7441.0,-4834.0,-2983.0,2751.0,-1071.6666666666667,-1821.0,-1100.5714285714287,March
2022-03-09,263,month,201799,9435,1,5,26,37,22,8,1,2022,3,9,2,Wednesday,10,68,1,False,False,False,Spring,Spring Semester,True,61,False,,False,,212394,-10595,-4.988370669604603,207473.0,-8573.0,-5674.0,-2022.0,-1132.0,-4852.5,-4834.0,-4846.333333333333,19025.0,-2065.1428571428573,March
2022-03-10,264,lapse,208884,9960,0,8,31,34,19,7,1,2022,3,10,3,Thursday,10,69,1,False,False,False,Spring,Spring Semester,False,62,False,,False,,208779,105,0.05029241446697226,201799.0,-10595.0,7085.0,10700.0,-8573.0,-9584.0,-1132.0,-6766.666666666667,5440.0,-6296.571428571428,March
2022-03-11,265,watch,226349,12400,1,6,14,18,17,24,20,2022,3,11,4,Friday,10,70,1,False,False,False,Spring,Spring Semester,False,63,False,,False,,205205,21144,10.303842498964451,208884.0,105.0,17465.0,21039.0,-10595.0,-5245.0,-8573.0,-6354.333333333333,-27133.0,-7058.714285714285,March
2022-03-12,266,today,192049,9353,1,7,29,35,20,7,1,2022,3,12,5,Saturday,10,71,1,True,False,False,Spring,Spring Semester,False,64,False,,False,,201679,-9630,-4.774914592000159,226349.0,21144.0,-34300.0,-30774.0,105.0,10624.5,-10595.0,3551.3333333333335,2751.0,-162.0,March
2022-03-13,267,focus,179436,8937,1,4,23,36,24,10,1,2022,3,13,6,Sunday,10,72,1,True,False,False,Spring,Spring Semester,False,65,False,,False,,198206,-18770,-9.469945410330666,192049.0,-9630.0,-12613.0,-9140.0,21144.0,5757.0,105.0,3873.0,-4834.0,-1930.7142857142858,March
2022-03-14,268,smelt,185406,9373,0,5,19,33,28,13,2,2022,3,14,0,Monday,11,73,1,False,False,False,Spring,Spring Semester,False,66,False,,False,,194790,-9384,-4.817495764669644,179436.0,-18770.0,5970.0,9386.0,-9630.0,-14200.0,21144.0,-2418.6666666666665,-1132.0,-3921.5714285714284,March
2022-03-15,269,tease,202855,10024,1,16,32,30,16,6,1,2022,3,15,1,Tuesday,11,74,1,False,False,False,Spring,Spring Semester,False,67,False,,False,-2.0,191433,11422,5.966578385126911,185406.0,-9384.0,17449.0,20806.0,-18770.0,-14077.0,-9630.0,-12594.666666666666,-8573.0,-5100.428571428572,March
2022-03-16,270,cater,217856,11234,1,7,19,22,19,18,15,2022,3,16,2,Wednesday,11,75,1,False,False,False,Spring,Spring Semester,False,68,False,,False,-1.0,188140,29716,15.794621026894864,202855.0,11422.0,15001.0,18294.0,-9384.0,1019.0,-18770.0,-5577.333333333333,-10595.0,-2244.0,March
2022-03-17,271,movie,169071,8847,1,5,18,30,26,16,3,2022,3,17,3,Thursday,11,76,1,False,False,False,Spring,Spring Semester,False,69,True,St. Patrick's Day,False,0.0,184912,-15841,-8.566777710478497,217856.0,29716.0,-48785.0,-45557.0,11422.0,20569.0,-9384.0,10584.666666666666,105.0,3514.714285714286,March
2022-03-18,272,saute,179830,9304,1,8,31,34,19,6,1,2022,3,18,4,Friday,11,77,1,False,False,False,Spring,Spring Semester,False,70,False,,False,1.0,181749,-1919,-1.0558517515914805,169071.0,-15841.0,10759.0,13922.0,29716.0,6937.5,11422.0,8432.333333333334,21144.0,1236.7142857142858,March
2022-03-19,273,allow,156311,8515,0,5,21,32,26,14,3,2022,3,19,5,Saturday,11,78,1,True,False,False,Spring,Spring Semester,False,71,False,,False,2.0,178654,-22343,-12.506297088226404,179830.0,-1919.0,-23519.0,-20424.0,-15841.0,-8880.0,29716.0,3985.3333333333335,-9630.0,-2058.0,March
2022-03-20,274,renew,154987,8417,0,4,20,33,27,13,2,2022,3,20,6,Sunday,11,79,1,True,False,False,Spring,Spring Semester,False,72,False,,False,,175625,-20638,-11.7511743772242,156311.0,-22343.0,-1324.0,1705.0,-1919.0,-12131.0,-15841.0,-13367.666666666666,-18770.0,-3874.1428571428573,March
2022-03-21,275,their,173636,9200,2,14,36,30,13,4,0,2022,3,21,0,Monday,12,80,1,False,False,False,Spring,Spring Semester,False,73,False,,False,,172660,976,0.5652727904552299,154987.0,-20638.0,18649.0,21614.0,-22343.0,-21490.5,-1919.0,-14966.666666666666,-9384.0,-4141.0,March
2022-03-22,276,slosh,160161,8807,0,2,19,36,27,13,2,2022,3,22,1,Tuesday,12,81,1,False,False,False,Spring,Spring Semester,False,74,False,,False,,169761,-9600,-5.655009101030272,173636.0,976.0,-13475.0,-10576.0,-20638.0,-9831.0,-22343.0,-14001.666666666666,11422.0,-2661.0,March
2022-03-23,277,purge,156785,8555,1,4,22,35,26,11,2,2022,3,23,2,Wednesday,12,82,1,False,False,False,Spring,Spring Semester,False,75,False,,False,,166925,-10140,-6.074584394189007,160161.0,-9600.0,-3376.0,-540.0,976.0,-4312.0,-20638.0,-9754.0,29716.0,-5664.142857142857,March
2022-03-24,278,chest,169066,9318,1,14,35,31,14,5,1,2022,3,24,3,Thursday,12,83,1,False,False,False,Spring,Spring Semester,False,76,False,,False,,164151,4915,2.9941943698180333,156785.0,-10140.0,12281.0,15055.0,-9600.0,-9870.0,976.0,-6254.666666666667,-15841.0,-11357.857142857143,March
2022-03-25,279,depot,150197,8562,0,5,29,36,20,7,1,2022,3,25,4,Friday,12,84,1,False,False,False,Spring,Spring Semester,False,77,False,,False,,161436,-11239,-6.961892019128323,169066.0,4915.0,-18869.0,-16154.0,-10140.0,-2612.5,-9600.0,-4941.666666666667,-1919.0,-8392.714285714286,March
2022-03-26,280,epoxy,149507,9376,0,2,13,31,33,18,3,2022,3,26,5,Saturday,12,85,1,True,False,False,Spring,Spring Semester,False,78,False,,False,,158778,-9271,-5.8389701344014915,150197.0,-11239.0,-690.0,1968.0,4915.0,-3162.0,-10140.0,-5488.0,-22343.0,-9724.142857142857,March
2022-03-27,281,nymph,165468,9935,1,2,18,44,26,26,9,2022,3,27,6,Sunday,12,86,1,True,False,False,Spring,Spring Semester,False,79,False,,False,,156175,9293,5.950376180566672,149507.0,-9271.0,15961.0,18564.0,-11239.0,-10255.0,4915.0,-5198.333333333333,-20638.0,-7856.714285714285,March
2022-03-28,282,found,173696,10613,1,6,17,22,20,21,14,2022,3,28,0,Monday,13,87,1,False,False,False,Spring,Spring Semester,True,80,False,,False,,153625,20071,13.06493083807974,165468.0,9293.0,8228.0,10778.0,-9271.0,11.0,-11239.0,-3739.0,976.0,-3580.8571428571427,March
2022-03-29,283,shall,149070,8494,0,3,17,30,28,17,4,2022,3,29,1,Tuesday,13,88,1,False,False,False,Spring,Spring Semester,True,81,False,,False,,151126,-2056,-1.3604541905429905,173696.0,20071.0,-24626.0,-22127.0,9293.0,14682.0,-9271.0,6697.666666666667,-9600.0,-853.0,March
2022-03-30,284,stove,158139,9318,0,5,16,24,27,21,6,2022,3,30,2,Wednesday,13,89,1,False,False,False,Spring,Spring Semester,True,82,False,,False,,148678,9461,6.363416241811162,149070.0,-2056.0,9069.0,11517.0,20071.0,9007.5,9293.0,9102.666666666666,-10140.0,224.71428571428572,March
2022-03-31,285,lowly,135219,8469,0,2,9,26,32,24,8,2022,3,31,3,Thursday,13,90,1,False,False,True,Spring,Spring Semester,True,83,False,,False,,146278,-11059,-7.560261966939663,158139.0,9461.0,-22920.0,-20520.0,-2056.0,3702.5,20071.0,9158.666666666666,4915.0,3024.8571428571427,March
2022-04-01,286,snout,144648,8913,1,4,19,27,26,18,5,2022,4,1,4,Friday,13,91,2,False,True,False,Spring,Spring Semester,False,84,False,,False,,143927,721,0.5009483974514858,135219.0,-11059.0,9429.0,11780.0,9461.0,-799.0,-2056.0,-1218.0,-11239.0,742.8571428571429,April
2022-04-02,287,trope,155079,9315,1,16,33,28,15,6,1,2022,4,2,5,Saturday,13,92,2,True,False,False,Spring,Spring Semester,False,85,False,,False,,141622,13457,9.502054765502535,144648.0,721.0,10431.0,12736.0,-11059.0,-5169.0,9461.0,-292.3333333333333,-9271.0,2451.4285714285716,April
2022-04-03,288,fewer,124532,7931,0,2,10,24,32,26,6,2022,4,3,6,Sunday,13,93,2,True,False,False,Spring,Spring Semester,False,86,False,,False,,139363,-14831,-10.641992494421045,155079.0,13457.0,-30547.0,-28288.0,721.0,7089.0,-11059.0,1039.6666666666667,9293.0,5698.285714285715,April
2022-04-04,289,shawl,129651,7943,0,3,16,31,30,16,3,2022,4,4,0,Monday,14,94,2,False,False,False,Spring,Spring Semester,False,87,False,,False,,137150,-7499,-5.467736055413781,124532.0,-14831.0,5119.0,7332.0,13457.0,-687.0,721.0,-217.66666666666666,20071.0,2252.0,April
2022-04-05,290,natal,121356,7702,0,2,14,32,32,17,3,2022,4,5,1,Tuesday,14,95,2,False,False,False,Spring,Spring Semester,False,88,False,,False,,134983,-13627,-10.095345339783528,129651.0,-7499.0,-8295.0,-6128.0,-14831.0,-11165.0,13457.0,-2957.6666666666665,-2056.0,-1686.5714285714287,April
2022-04-06,291,comma,117856,7560,0,2,13,33,33,17,3,2022,4,6,2,Wednesday,14,96,2,False,False,False,Spring,Spring Semester,False,89,False,,False,,132861,-15005,-11.293758138204591,121356.0,-13627.0,-3500.0,-1378.0,-7499.0,-10563.0,-14831.0,-11985.666666666666,9461.0,-3339.5714285714284,April
2022-04-07,292,foray,117761,7575,0,2,14,31,31,19,4,2022,4,7,3,Thursday,14,97,2,False,False,False,Spring,Spring Semester,False,90,False,,False,,130783,-13022,-9.956951591567712,117856.0,-15005.0,-95.0,1983.0,-13627.0,-14316.0,-7499.0,-12043.666666666666,-11059.0,-6834.714285714285,April
2022-04-08,293,scare,141158,9010,1,12,23,26,21,13,4,2022,4,8,4,Friday,14,98,2,False,False,False,Spring,Spring Semester,False,91,False,,False,,128750,12408,9.637281553398058,117761.0,-13022.0,23397.0,25430.0,-15005.0,-14013.5,-13627.0,-13884.666666666666,721.0,-7115.142857142857,April
2022-04-09,294,stair,134210,8537,2,21,36,26,11,4,1,2022,4,9,5,Saturday,14,99,2,True,False,False,Spring,Spring Semester,False,92,False,,False,,126759,7451,5.878083607475603,141158.0,12408.0,-6948.0,-4957.0,-13022.0,-307.0,-15005.0,-5206.333333333333,13457.0,-5445.571428571428,April
2022-04-10,295,black,126241,7894,1,10,31,34,18,6,1,2022,4,10,6,Sunday,14,100,2,True,False,False,Spring,Spring Semester,False,93,False,,False,,124810,1431,1.146542744972358,134210.0,7451.0,-7969.0,-6020.0,12408.0,9929.5,-13022.0,2279.0,-14831.0,-6303.571428571428,April
2022-04-11,296,squad,109828,7236,0,3,20,33,27,14,2,2022,4,11,0,Monday,15,101,2,False,False,False,Spring,Spring Semester,True,94,False,,False,,122901,-13073,-10.6370167858683,126241.0,1431.0,-16413.0,-14504.0,7451.0,4441.0,12408.0,7096.666666666667,-7499.0,-3980.4285714285716,April
2022-04-12,297,royal,114907,7275,1,5,24,36,23,9,1,2022,4,12,1,Tuesday,15,102,2,False,False,False,Spring,Spring Semester,True,95,False,,False,,121032,-6125,-5.060645118646309,109828.0,-13073.0,5079.0,6948.0,1431.0,-5821.0,7451.0,-1397.0,-13627.0,-4776.714285714285,April
2022-04-13,298,chunk,123255,7835,1,4,29,42,18,5,1,2022,4,13,2,Wednesday,15,103,2,False,False,False,Spring,Spring Semester,True,96,False,,False,,119200,4055,3.4018456375838926,114907.0,-6125.0,8348.0,10180.0,-13073.0,-9599.0,1431.0,-5922.333333333333,-15005.0,-3705.0,April
2022-04-14,299,mince,113448,7356,0,6,24,35,24,10,1,2022,4,14,3,Thursday,15,104,2,False,False,False,Spring,Spring Semester,True,97,False,,False,,117404,-3956,-3.3695615140881063,123255.0,4055.0,-9807.0,-8011.0,-6125.0,-1035.0,-13073.0,-5047.666666666667,-13022.0,-982.1428571428571,April
2022-04-15,300,shame,129991,8522,1,11,22,25,21,15,5,2022,4,15,4,Friday,15,105,2,False,False,False,Spring,Spring Semester,True,98,False,,False,-2.0,115642,14349,12.40812161671365,113448.0,-3956.0,16543.0,18305.0,4055.0,49.5,-6125.0,-2008.6666666666667,12408.0,313.0,April
2022-04-16,301,cheek,107987,7035,0,3,19,40,28,9,1,2022,4,16,5,Saturday,15,106,2,True,False,False,Spring,Spring Semester,False,99,False,,False,-1.0,113911,-5924,-5.200551307599793,129991.0,14349.0,-22004.0,-20273.0,-3956.0,5196.5,4055.0,4816.0,7451.0,590.2857142857143,April
2022-04-17,302,ample,106681,7008,0,4,20,35,27,11,2,2022,4,17,6,Sunday,15,107,2,True,False,False,Spring,Spring Semester,False,100,True,Easter,False,0.0,112211,-5530,-4.928215593836612,107987.0,-5924.0,-1306.0,394.0,14349.0,4212.5,-3956.0,1489.6666666666667,1431.0,-1320.4285714285713,April
2022-04-18,303,flair,112383,7341,1,8,30,36,18,6,1,2022,4,18,0,Monday,16,108,2,False,False,False,Spring,Spring Semester,True,101,False,,False,1.0,110540,1843,1.6672697666003256,106681.0,-5530.0,5702.0,7373.0,-5924.0,-5727.0,14349.0,965.0,-13073.0,-2314.8571428571427,April
2022-04-19,304,foyer,108899,8198,0,2,10,19,19,23,26,2022,4,19,1,Tuesday,16,109,2,False,False,False,Spring,Spring Semester,True,102,False,,False,2.0,108896,3,0.0027549221275345284,112383.0,1843.0,-3484.0,-1840.0,-5530.0,-1843.5,-5924.0,-3203.6666666666665,-6125.0,-184.0,April
2022-04-20,305,cargo,102007,6796,0,5,20,34,27,12,2,2022,4,20,2,Wednesday,16,110,2,False,False,False,Spring,Spring Semester,True,103,False,,False,,107277,-5270,-4.912516196388788,108899.0,3.0,-6892.0,-5273.0,1843.0,923.0,-5530.0,-1228.0,4055.0,691.4285714285714,April
2022-04-21,306,oxide,97955,6960,0,2,11,30,33,21,4,2022,4,21,3,Thursday,16,111,2,False,False,False,Spring,Spring Semester,True,104,False,,False,,105682,-7727,-7.311557313449783,102007.0,-5270.0,-4052.0,-2457.0,3.0,-2633.5,1843.0,-1141.3333333333333,-3956.0,-640.7142857142857,April
2022-04-22,307,plant,119232,7731,2,19,39,28,10,3,0,2022,4,22,4,Friday,16,112,2,False,False,False,Spring,Spring Semester,True,105,False,,False,,104111,15121,14.523921583694326,97955.0,-7727.0,21277.0,22848.0,-5270.0,-6498.5,3.0,-4331.333333333333,14349.0,-1179.4285714285713,April
2022-04-23,308,olive,95562,6482,1,6,25,34,23,10,1,2022,4,23,5,Saturday,16,113,2,True,False,False,Spring,Spring Semester,False,106,False,,False,,102563,-7001,-6.826048380020085,119232.0,15121.0,-23670.0,-22122.0,-7727.0,3697.0,-5270.0,708.0,-5924.0,-1069.142857142857,April
2022-04-24,309,inert,97452,6743,0,7,27,34,22,9,1,2022,4,24,6,Sunday,16,114,2,True,False,False,Spring,Spring Semester,False,107,False,,False,,101037,-3585,-3.5482051129784136,95562.0,-7001.0,1890.0,3416.0,15121.0,4060.0,-7727.0,131.0,-5530.0,-1223.0,April
2022-04-25,310,askew,91548,6549,0,3,13,29,32,19,4,2022,4,25,0,Monday,17,115,2,False,False,False,Spring,Spring Semester,True,108,False,,False,,99531,-7983,-8.020616692286826,97452.0,-3585.0,-5904.0,-4398.0,-7001.0,-5293.0,15121.0,1511.6666666666667,1843.0,-945.1428571428571,April
2022-04-26,311,heist,103153,6830,1,13,32,31,16,6,1,2022,4,26,1,Tuesday,17,116,2,False,False,False,Spring,Spring Semester,True,109,False,,False,,98047,5106,5.207706508103257,91548.0,-7983.0,11605.0,13089.0,-3585.0,-5784.0,-7001.0,-6189.666666666667,3.0,-2348.8571428571427,April
2022-04-27,312,shown,98967,6564,0,6,26,36,22,8,1,2022,4,27,2,Wednesday,17,117,2,False,False,False,Spring,Spring Semester,True,110,False,,False,,96585,2382,2.466221462960087,103153.0,5106.0,-4186.0,-2724.0,-7983.0,-1438.5,-3585.0,-2154.0,-5270.0,-1619.857142857143,April
2022-04-28,313,zesty,88974,6315,0,2,12,27,30,22,7,2022,4,28,3,Thursday,17,118,2,False,False,False,Spring,Spring Semester,True,111,False,,False,,95143,-6169,-6.483924198312015,98967.0,2382.0,-9993.0,-8551.0,5106.0,3744.0,-7983.0,-165.0,-7727.0,-526.7142857142857,April
2022-04-29,314,trash,106652,7001,2,19,34,27,13,4,1,2022,4,29,4,Friday,17,119,2,False,False,False,Spring,Spring Semester,True,112,False,,False,,93723,12929,13.794906266338039,88974.0,-6169.0,17678.0,19098.0,2382.0,-1893.5,5106.0,439.6666666666667,15121.0,-304.14285714285717,April
2022-04-30,315,larva,77991,5749,0,2,10,25,35,23,4,2022,4,30,5,Saturday,17,120,2,True,False,True,Spring,Spring Semester,False,113,False,,False,,92324,-14333,-15.524673974264546,106652.0,12929.0,-28661.0,-27262.0,-6169.0,3380.0,2382.0,3047.3333333333335,-7001.0,-617.2857142857143,April
2022-05-01,316,forgo,77658,5699,0,1,9,26,37,23,3,2022,5,1,6,Sunday,17,121,2,True,True,False,Spring,Spring Semester,False,114,False,,False,,90946,-13288,-14.610867987597034,77991.0,-14333.0,-333.0,1045.0,12929.0,-702.0,-6169.0,-2524.3333333333335,-3585.0,-1664.7142857142858,May
2022-05-02,317,story,95643,6530,1,10,23,29,24,11,2,2022,5,2,0,Monday,18,122,2,False,False,False,Spring,Spring Semester,True,115,False,,False,,89590,6053,6.756334412322803,77658.0,-13288.0,17985.0,19341.0,-14333.0,-13810.5,12929.0,-4897.333333333333,-7983.0,-3050.8571428571427,May
2022-05-03,318,hairy,85817,5941,1,8,24,33,23,10,1,2022,5,3,1,Tuesday,18,123,2,False,False,False,Spring,Spring Semester,True,116,False,,False,,88257,-2440,-2.764653228639088,95643.0,6053.0,-9826.0,-8493.0,-13288.0,-3617.5,-14333.0,-7189.333333333333,5106.0,-1045.7142857142858,May
2022-05-04,319,train,107750,7243,6,26,32,22,10,3,0,2022,5,4,2,Wednesday,18,124,2,False,False,False,Spring,Spring Semester,True,117,False,,False,,86947,20803,23.92606990465456,85817.0,-2440.0,21933.0,23243.0,6053.0,1806.5,-13288.0,-3225.0,2382.0,-2123.714285714286,May
2022-05-05,320,homer,85979,6313,0,3,16,26,24,19,12,2022,5,5,3,Thursday,18,125,2,False,False,False,Spring,Spring Semester,True,118,False,,False,,85661,318,0.3712307818026873,107750.0,20803.0,-21771.0,-20485.0,-2440.0,9181.5,6053.0,8138.666666666667,-6169.0,507.85714285714283,May
2022-05-06,321,badge,76292,5482,0,4,20,35,26,12,2,2022,5,6,4,Friday,18,126,2,False,False,False,Spring,Spring Semester,True,119,False,,False,,84399,-8107,-9.60556404696738,85979.0,318.0,-9687.0,-8425.0,20803.0,10560.5,-2440.0,6227.0,12929.0,1434.5714285714287,May
2022-05-07,322,midst,74458,5233,0,3,25,39,24,9,1,2022,5,7,5,Saturday,18,127,2,True,False,False,Spring,Spring Semester,False,120,False,,False,,83162,-8704,-10.46631875135278,76292.0,-8107.0,-1834.0,-597.0,318.0,-3894.5,20803.0,4338.0,-14333.0,-1570.5714285714287,May
2022-05-08,323,canny,72518,5256,0,2,10,30,34,20,4,2022,5,8,6,Sunday,18,128,2,True,False,False,Spring,Spring Semester,False,121,False,,False,,81951,-9433,-11.51053678417591,74458.0,-8704.0,-1940.0,-729.0,-8107.0,-8405.5,318.0,-5497.666666666667,-13288.0,-766.4285714285714,May
2022-05-09,324,shine,88932,6146,1,14,32,30,17,6,1,2022,5,9,0,Monday,19,129,2,False,False,False,Spring,Spring Semester,True,122,False,,False,,80767,8165,10.109326829026706,72518.0,-9433.0,16414.0,17598.0,-8704.0,-9068.5,-8107.0,-8748.0,6053.0,-215.71428571428572,May
2022-05-10,325,gecko,74412,5489,0,2,16,38,29,12,2,2022,5,10,1,Tuesday,19,130,2,False,False,False,Spring,Spring Semester,True,123,False,,False,,79611,-5199,-6.530504578513019,88932.0,8165.0,-14520.0,-13364.0,-9433.0,-634.0,-8704.0,-3324.0,-2440.0,86.0,May
2022-05-11,326,farce,79446,5688,0,9,26,32,21,9,1,2022,5,11,2,Wednesday,19,131,2,False,False,False,Spring,Spring Semester,True,124,False,,False,,78482,964,1.2283071277490378,74412.0,-5199.0,5034.0,6163.0,8165.0,1483.0,-9433.0,-2155.6666666666665,20803.0,-308.14285714285717,May
2022-05-12,327,slung,75673,5419,0,2,16,37,31,13,2,2022,5,12,3,Thursday,19,132,2,False,False,False,Spring,Spring Semester,True,125,False,,False,,77383,-1710,-2.209787679464482,79446.0,964.0,-3773.0,-2674.0,-5199.0,-2117.5,8165.0,1310.0,318.0,-3142.285714285714,May
2022-05-13,328,tipsy,77585,5522,0,6,33,38,17,5,1,2022,5,13,4,Friday,19,133,2,False,False,False,Spring,Spring Semester,True,126,False,,False,,76313,1272,1.6668195458178814,75673.0,-1710.0,1912.0,2982.0,964.0,-373.0,-5199.0,-1981.6666666666667,-8107.0,-3432.0,May
2022-05-14,329,metal,73225,5290,1,10,31,34,18,7,1,2022,5,14,5,Saturday,19,134,2,True,False,False,Spring,Spring Semester,False,127,False,,False,,75273,-2048,-2.720763089022624,77585.0,1272.0,-4360.0,-3320.0,-1710.0,-219.0,964.0,175.33333333333334,-8704.0,-2092.1428571428573,May
2022-05-15,330,yield,67115,4963,0,4,16,29,29,18,4,2022,5,15,6,Sunday,19,135,2,True,False,False,Spring,Spring Semester,False,128,False,,False,,74263,-7148,-9.625250797840108,73225.0,-2048.0,-6110.0,-5100.0,1272.0,-388.0,-1710.0,-828.6666666666666,-9433.0,-1141.2857142857142,May
2022-05-16,331,delve,68349,5179,0,2,14,32,33,16,2,2022,5,16,0,Monday,20,136,2,False,False,False,Spring,Spring Semester,True,129,False,,False,,73284,-4935,-6.734075650892418,67115.0,-7148.0,1234.0,2213.0,-2048.0,-4598.0,1272.0,-2641.3333333333335,8165.0,-814.8571428571429,May
2022-05-17,332,being,70722,5142,0,4,22,37,26,10,1,2022,5,17,1,Tuesday,20,137,2,False,False,False,Spring,Spring Semester,True,130,False,,False,,72336,-1614,-2.2312541473125416,68349.0,-4935.0,2373.0,3321.0,-7148.0,-6041.5,-2048.0,-4710.333333333333,-5199.0,-2686.285714285714,May
2022-05-18,333,scour,73933,5544,0,8,34,35,17,5,1,2022,5,18,2,Wednesday,20,138,2,False,False,False,Spring,Spring Semester,True,131,False,,False,,71420,2513,3.51862223466816,70722.0,-1614.0,3211.0,4127.0,-4935.0,-3274.5,-7148.0,-4565.666666666667,964.0,-2174.1428571428573,May
2022-05-19,334,glass,70920,5162,0,4,19,33,27,14,3,2022,5,19,3,Thursday,20,139,2,False,False,False,Spring,Spring Semester,True,132,False,,False,,70534,386,0.5472538066747952,73933.0,2513.0,-3013.0,-2127.0,-1614.0,449.5,-4935.0,-1345.3333333333333,-1710.0,-1952.857142857143,May
2022-05-20,335,gamer,69884,5238,1,4,17,28,26,18,6,2022,5,20,4,Friday,20,140,2,False,False,False,Spring,Spring Semester,True,133,False,,False,,69679,205,0.294206288838818,70920.0,386.0,-1036.0,-181.0,2513.0,1449.5,-1614.0,428.3333333333333,1272.0,-1653.4285714285713,May
2022-05-21,336,scrap,66814,4973,1,9,28,34,20,8,1,2022,5,21,5,Saturday,20,141,2,True,False,False,Spring,Spring Semester,False,134,False,,False,,68854,-2040,-2.9627908327765997,69884.0,205.0,-3070.0,-2245.0,386.0,295.5,2513.0,1034.6666666666667,-2048.0,-1805.857142857143,May
2022-05-22,337,money,67909,4928,1,7,26,36,21,8,1,2022,5,22,6,Sunday,20,142,2,True,False,False,Spring,Spring Semester,False,135,False,,False,,68060,-151,-0.22186306200411401,66814.0,-2040.0,1095.0,1889.0,205.0,-917.5,386.0,-483.0,-7148.0,-1804.7142857142858,May
2022-05-23,338,hinge,66431,4906,0,5,25,37,22,9,2,2022,5,23,0,Monday,21,143,2,False,False,False,Spring,Spring Semester,True,136,False,,False,,67295,-864,-1.2838992495727766,67909.0,-151.0,-1478.0,-713.0,-2040.0,-1095.5,205.0,-662.0,-4935.0,-805.1428571428571,May
2022-05-24,339,album,63380,4809,0,5,26,35,24,9,1,2022,5,24,1,Tuesday,21,144,2,False,False,False,Spring,Spring Semester,True,137,False,,False,,66558,-3178,-4.774782896120676,66431.0,-864.0,-3051.0,-2314.0,-151.0,-507.5,-2040.0,-1018.3333333333334,-1614.0,-223.57142857142858,May
2022-05-25,340,vouch,62723,4835,0,2,9,25,33,24,6,2022,5,25,2,Wednesday,21,145,2,False,False,False,Spring,Spring Semester,True,138,False,,False,,65849,-3126,-4.747224711081413,63380.0,-3178.0,-657.0,52.0,-864.0,-2021.0,-151.0,-1397.6666666666667,2513.0,-447.0,May
2022-05-26,341,asset,63188,4733,0,7,28,34,21,8,1,2022,5,26,3,Thursday,21,146,2,False,False,False,Spring,Spring Semester,True,139,False,,False,,65166,-1978,-3.035325169566952,62723.0,-3126.0,465.0,1148.0,-3178.0,-3152.0,-864.0,-2389.3333333333335,386.0,-1252.5714285714287,May
2022-05-27,342,tiara,63846,4842,0,8,36,33,17,6,1,2022,5,27,4,Friday,21,147,2,False,False,False,Spring,Spring Semester,True,140,False,,False,,64508,-662,-1.0262293048924165,63188.0,-1978.0,658.0,1316.0,-3126.0,-2552.0,-3178.0,-2760.6666666666665,205.0,-1590.2857142857142,May
2022-05-28,343,crept,60069,4562,0,4,27,38,22,7,1,2022,5,28,5,Saturday,21,148,2,True,False,False,Spring,Spring Semester,False,141,False,,False,-2.0,63873,-3804,-5.955568080409563,63846.0,-662.0,-3777.0,-3142.0,-1978.0,-1320.0,-3126.0,-1922.0,-2040.0,-1714.142857142857,May
2022-05-29,344,bayou,56839,4435,0,6,17,33,29,13,2,2022,5,29,6,Sunday,21,149,2,True,False,False,Spring,Spring Semester,False,142,False,,False,-1.0,63259,-6420,-10.148753537046112,60069.0,-3804.0,-3230.0,-2616.0,-662.0,-2233.0,-1978.0,-2148.0,-151.0,-1966.142857142857,May
2022-05-30,345,atoll,60969,4741,0,6,28,36,21,8,1,2022,5,30,0,Monday,22,150,2,False,False,False,Spring,Spring Semester,True,143,True,Memorial Day,False,0.0,62666,-1697,-2.708007531995021,56839.0,-6420.0,4130.0,4723.0,-3804.0,-5112.0,-662.0,-3628.6666666666665,-864.0,-2861.714285714286,May
2022-05-31,346,manor,62768,4802,0,6,27,34,21,10,2,2022,5,31,1,Tuesday,22,151,2,False,False,True,Spring,Spring Semester,True,144,False,,False,1.0,62090,678,1.091963279110968,60969.0,-1697.0,1799.0,2375.0,-6420.0,-4058.5,-3804.0,-3973.6666666666665,-3178.0,-2980.714285714286,May
2022-06-01,347,creak,63241,4797,0,5,21,32,25,14,3,2022,6,1,2,Wednesday,22,152,2,False,True,False,Summer,Summer Break,False,145,False,,False,2.0,61530,1711,2.7807573541361936,62768.0,678.0,473.0,1033.0,-1697.0,-509.5,-6420.0,-2479.6666666666665,-3126.0,-2429.8571428571427,June
2022-06-02,348,showy,61278,4770,0,2,16,37,30,13,2,2022,6,2,3,Thursday,22,153,2,False,False,False,Summer,Summer Break,False,146,False,,False,,60983,295,0.48374137054588984,63241.0,1711.0,-1963.0,-1416.0,678.0,1194.5,-1697.0,230.66666666666666,-1978.0,-1738.857142857143,June
2022-06-03,349,peach,65431,4957,1,13,38,32,13,3,0,2022,6,3,4,Friday,22,154,2,False,False,False,Summer,Summer Break,False,147,False,,False,,60447,4984,8.245239631412643,61278.0,295.0,4153.0,4689.0,1711.0,1003.0,678.0,894.6666666666666,-662.0,-1414.142857142857,June
2022-06-04,350,froth,58263,4432,0,5,22,35,25,11,1,2022,6,4,5,Saturday,22,155,2,True,False,False,Summer,Summer Break,False,148,False,,False,,59922,-1659,-2.7685991789326128,65431.0,4984.0,-7168.0,-6643.0,295.0,2639.5,1711.0,2330.0,-3804.0,-607.5714285714286,June
2022-06-05,351,depth,56738,4329,0,6,28,39,20,6,1,2022,6,5,6,Sunday,22,156,2,True,False,False,Summer,Summer Break,False,149,False,,False,,59403,-2665,-4.486305405450903,58263.0,-1659.0,-1525.0,-1006.0,4984.0,1662.5,295.0,1206.6666666666667,-6420.0,-301.14285714285717,June
2022-06-06,352,gloom,58478,4548,0,2,14,35,35,13,1,2022,6,6,0,Monday,23,157,2,False,False,False,Summer,Summer Break,False,150,False,,False,,58890,-412,-0.6996094413312957,56738.0,-2665.0,1740.0,2253.0,-1659.0,-2162.0,4984.0,220.0,-1697.0,235.28571428571428,June
2022-06-07,353,flood,58991,4440,0,3,20,40,28,8,1,2022,6,7,1,Tuesday,23,158,2,False,False,False,Summer,Summer Break,False,151,False,,False,,58381,610,1.0448604854319044,58478.0,-412.0,513.0,1022.0,-2665.0,-1538.5,-1659.0,-1578.6666666666667,678.0,418.85714285714283,June
2022-06-08,354,trait,61026,4607,0,6,22,35,24,11,2,2022,6,8,2,Wednesday,23,159,2,False,False,False,Summer,Summer Break,False,152,False,,False,,57874,3152,5.446314407160383,58991.0,610.0,2035.0,2542.0,-412.0,99.0,-2665.0,-822.3333333333334,1711.0,409.14285714285717,June
2022-06-09,355,girth,60020,4665,0,6,23,33,23,12,3,2022,6,9,3,Thursday,23,160,2,False,False,False,Summer,Summer Break,False,153,False,,False,,57368,2652,4.6227862222842,61026.0,3152.0,-1006.0,-500.0,610.0,1881.0,-412.0,1116.6666666666667,295.0,615.0,June
2022-06-10,356,piety,55376,4324,0,4,25,41,22,7,1,2022,6,10,4,Friday,23,161,2,False,False,False,Summer,Summer Break,False,154,False,,False,,56863,-1487,-2.6150572428468424,60020.0,2652.0,-4644.0,-4139.0,3152.0,2902.0,610.0,2138.0,4984.0,951.7142857142857,June
2022-06-11,357,goose,51958,4087,0,2,12,28,32,21,5,2022,6,11,5,Saturday,23,162,2,True,False,False,Summer,Summer Break,False,155,False,,False,,56356,-4398,-7.803960536588828,55376.0,-1487.0,-3418.0,-2911.0,2652.0,582.5,3152.0,1439.0,-1659.0,27.285714285714285,June
2022-06-12,358,float,56684,4323,1,12,30,32,18,6,1,2022,6,12,6,Sunday,23,163,2,True,False,False,Summer,Summer Break,False,156,False,,False,,55847,837,1.498737622432718,51958.0,-4398.0,4726.0,5235.0,-1487.0,-2942.5,2652.0,-1077.6666666666667,-2665.0,-364.0,June
2022-06-13,359,donor,53802,4142,0,3,27,38,23,7,1,2022,6,13,0,Monday,24,164,2,False,False,False,Summer,Summer Break,False,157,False,,False,,55336,-1534,-2.7721555587682523,56684.0,837.0,-2882.0,-2371.0,-4398.0,-1780.5,-1487.0,-1682.6666666666667,-412.0,136.28571428571428,June
2022-06-14,360,atone,59968,4762,2,16,34,29,14,4,1,2022,6,14,1,Tuesday,24,165,2,False,False,False,Summer,Summer Break,False,158,False,,False,,54823,5145,9.384747277602466,53802.0,-1534.0,6166.0,6679.0,837.0,-348.5,-4398.0,-1698.3333333333333,610.0,-24.0,June
2022-06-15,361,primo,55989,4391,0,3,22,38,25,10,2,2022,6,15,2,Wednesday,24,166,2,False,False,False,Summer,Summer Break,False,159,False,,False,,54308,1681,3.0953082418796494,59968.0,5145.0,-3979.0,-3464.0,-1534.0,1805.5,837.0,1482.6666666666667,3152.0,623.8571428571429,June
2022-06-16,362,apron,53430,4112,0,7,30,38,19,5,1,2022,6,16,3,Thursday,24,167,2,False,False,False,Summer,Summer Break,False,160,False,,False,,53791,-361,-0.6711159859456043,55989.0,1681.0,-2559.0,-2042.0,5145.0,3413.0,-1534.0,1764.0,2652.0,413.7142857142857,June
2022-06-17,363,blown,54665,4251,0,6,23,35,26,10,1,2022,6,17,4,Friday,24,168,2,False,False,False,Summer,Summer Break,False,161,False,,False,,53273,1392,2.6129559063690797,53430.0,-361.0,1235.0,1753.0,1681.0,660.0,5145.0,2155.0,-1487.0,-16.714285714285715,June
2022-06-18,364,cacao,47205,4101,0,1,9,27,36,23,4,2022,6,18,5,Saturday,24,169,2,True,False,False,Summer,Summer Break,False,162,False,,False,,52754,-5549,-10.518633658111233,54665.0,1392.0,-7460.0,-6941.0,-361.0,515.5,1681.0,904.0,-4398.0,394.57142857142856,June
2022-06-19,365,loser,55359,4399,1,10,28,32,19,8,2,2022,6,19,6,Sunday,24,170,2,True,False,False,Summer,Summer Break,False,163,False,,False,,52236,3123,5.978635423845623,47205.0,-5549.0,8154.0,8672.0,1392.0,-2078.5,-361.0,-1506.0,837.0,230.14285714285714,June
2022-06-20,366,input,50484,3950,0,5,30,38,21,6,1,2022,6,20,0,Monday,25,171,2,False,False,False,Summer,Summer Break,False,164,False,,False,,51719,-1235,-2.387903865117268,55359.0,3123.0,-4875.0,-4358.0,-5549.0,-1213.0,1392.0,-344.6666666666667,-1534.0,556.7142857142857,June
2022-06-21,367,gloat,53342,4194,0,8,21,31,26,12,2,2022,6,21,1,Tuesday,25,172,2,False,False,False,Summer,Summer Break,False,165,False,,False,,51204,2138,4.175455042574798,50484.0,-1235.0,2858.0,3373.0,3123.0,944.0,-5549.0,-1220.3333333333333,5145.0,599.4285714285714,June
2022-06-22,368,awful,47645,3861,0,5,21,33,27,12,2,2022,6,22,2,Wednesday,25,173,2,False,False,False,Summer,Summer Break,False,166,False,,False,,50694,-3049,-6.014518483449717,53342.0,2138.0,-5697.0,-5187.0,-1235.0,451.5,3123.0,1342.0,1681.0,169.85714285714286,June
2022-06-23,369,brink,53111,4118,0,4,22,41,24,7,1,2022,6,23,3,Thursday,25,174,2,False,False,False,Summer,Summer Break,False,167,False,,False,,50189,2922,5.82199286696288,47645.0,-3049.0,5466.0,5971.0,2138.0,-455.5,-1235.0,-715.3333333333334,-361.0,-505.85714285714283,June
2022-06-24,370,smite,50617,3991,0,6,23,35,24,11,2,2022,6,24,4,Friday,25,175,2,False,False,False,Summer,Summer Break,False,168,False,,False,,49690,927,1.865566512376736,53111.0,2922.0,-2494.0,-1995.0,-3049.0,-63.5,2138.0,670.3333333333334,1392.0,-36.857142857142854,June
2022-06-25,371,beady,46089,3670,0,3,19,39,29,10,1,2022,6,25,5,Saturday,25,176,2,True,False,False,Summer,Summer Break,False,169,False,,False,,49200,-3111,-6.323170731707317,50617.0,927.0,-4528.0,-4038.0,2922.0,1924.5,-3049.0,266.6666666666667,-5549.0,-103.28571428571429,June
2022-06-26,372,rusty,50450,3954,0,9,37,34,13,5,1,2022,6,26,6,Sunday,25,177,2,True,False,False,Summer,Summer Break,False,170,False,,False,,48718,1732,3.5551541524693135,46089.0,-3111.0,4361.0,4843.0,927.0,-1092.0,2922.0,246.0,3123.0,245.0,June
2022-06-27,373,retro,47986,3848,0,6,24,35,24,9,1,2022,6,27,0,Monday,26,178,2,False,False,False,Summer,Summer Break,False,171,False,,False,,48247,-261,-0.5409662776960226,50450.0,1732.0,-2464.0,-1993.0,-3111.0,-689.5,927.0,-150.66666666666666,-1235.0,46.285714285714285,June
2022-06-28,374,droll,47312,3844,0,2,16,31,31,17,3,2022,6,28,1,Tuesday,26,179,2,False,False,False,Summer,Summer Break,False,172,False,,False,,47788,-476,-0.9960659579810831,47986.0,-261.0,-674.0,-215.0,1732.0,735.5,-3111.0,-546.6666666666666,2138.0,185.42857142857142,June
2022-06-29,375,gawky,45645,3957,0,1,5,22,33,28,10,2022,6,29,2,Wednesday,26,180,2,False,False,False,Summer,Summer Break,False,173,False,,False,,47341,-1696,-3.5825183244967365,47312.0,-476.0,-1667.0,-1220.0,-261.0,-368.5,1732.0,331.6666666666667,-3049.0,-188.0,June
2022-06-30,376,hutch,44212,3758,0,1,12,28,28,21,9,2022,6,30,3,Thursday,26,181,2,False,False,True,Summer,Summer Break,False,174,False,,False,,46907,-2695,-5.745411132666766,45645.0,-1696.0,-1433.0,-999.0,-476.0,-1086.0,-261.0,-811.0,2922.0,5.285714285714286,June
2022-07-01,377,pinto,47248,3792,0,5,25,41,22,6,1,2022,7,1,4,Friday,26,182,3,False,True,False,Summer,Summer Break,False,175,False,,False,,46487,761,1.6370168003958094,44212.0,-2695.0,3036.0,3456.0,-1696.0,-2195.5,-476.0,-1622.3333333333333,927.0,-797.1428571428571,July
2022-07-02,378,egret,41765,3515,0,3,14,33,33,15,2,2022,7,2,5,Saturday,26,183,3,True,False,False,Summer,Summer Break,False,176,False,,False,-2.0,46081,-4316,-9.366116186714699,47248.0,761.0,-5483.0,-5077.0,-2695.0,-967.0,-1696.0,-1210.0,-3111.0,-820.8571428571429,July
2022-07-03,379,lilac,40486,3461,0,2,17,38,29,12,1,2022,7,3,6,Sunday,26,184,3,True,False,False,Summer,Summer Break,False,177,False,,False,-1.0,45688,-5202,-11.38592190509543,41765.0,-4316.0,-1279.0,-886.0,761.0,-1777.5,-2695.0,-2083.3333333333335,1732.0,-993.0,July
2022-07-04,380,sever,42645,3591,0,2,13,27,29,21,7,2022,7,4,0,Monday,27,185,3,False,False,False,Summer,Summer Break,False,178,True,Independence Day,True,0.0,45310,-2665,-5.88170381814169,40486.0,-5202.0,2159.0,2537.0,-4316.0,-4759.0,761.0,-2919.0,-261.0,-1983.5714285714287,July
2022-07-05,381,field,44578,3604,1,6,25,36,23,9,1,2022,7,5,1,Tuesday,27,186,3,False,False,False,Summer,Summer Break,False,179,False,,False,1.0,44945,-367,-0.8165535654689065,42645.0,-2665.0,1933.0,2298.0,-5202.0,-3933.5,-4316.0,-4061.0,-476.0,-2327.0,July
2022-07-06,382,fluff,47344,4049,0,0,4,25,44,23,4,2022,7,6,2,Wednesday,27,187,3,False,False,False,Summer,Summer Break,False,180,False,,False,2.0,44592,2752,6.171510584858271,44578.0,-367.0,2766.0,3119.0,-2665.0,-1516.0,-5202.0,-2744.6666666666665,-1696.0,-2311.4285714285716,July
2022-07-07,383,agape,43407,3671,0,2,18,36,27,15,3,2022,7,7,3,Thursday,27,188,3,False,False,False,Summer,Summer Break,False,181,False,,False,,44253,-846,-1.9117347976408379,47344.0,2752.0,-3937.0,-3598.0,-367.0,1192.5,-2665.0,-93.33333333333333,-2695.0,-1676.0,July
2022-07-08,384,voice,42806,3484,1,5,24,35,25,9,1,2022,7,8,4,Friday,27,189,3,False,False,False,Summer,Summer Break,False,182,False,,False,,43924,-1118,-2.545305527729715,43407.0,-846.0,-601.0,-272.0,2752.0,953.0,-367.0,513.0,761.0,-1411.857142857143,July
2022-07-09,385,stead,47094,3933,1,6,20,27,28,16,3,2022,7,9,5,Saturday,27,190,3,True,False,False,Summer,Summer Break,False,183,False,,False,,43607,3487,7.996422592703007,42806.0,-1118.0,4288.0,4605.0,-846.0,-982.0,2752.0,262.6666666666667,-4316.0,-1680.2857142857142,July
2022-07-10,386,berth,41785,3494,0,7,24,35,24,9,1,2022,7,10,6,Sunday,27,191,3,True,False,False,Summer,Summer Break,False,184,False,,False,,43299,-1514,-3.4966165500357977,47094.0,3487.0,-5309.0,-5001.0,-1118.0,1184.5,-846.0,507.6666666666667,-5202.0,-565.5714285714286,July
2022-07-11,387,madam,40545,3430,0,3,13,35,34,14,2,2022,7,11,0,Monday,28,192,3,False,False,False,Summer,Summer Break,False,185,False,,False,,43000,-2455,-5.709302325581396,41785.0,-1514.0,-1240.0,-941.0,3487.0,986.5,-1118.0,285.0,-2665.0,-38.714285714285715,July
2022-07-12,388,night,46910,3870,1,8,27,27,17,13,7,2022,7,12,1,Tuesday,28,193,3,False,False,False,Summer,Summer Break,False,186,False,,False,,42709,4201,9.836334262099324,40545.0,-2455.0,6365.0,6656.0,-1514.0,-1984.5,3487.0,-160.66666666666666,-367.0,-8.714285714285714,July
2022-07-13,389,bland,46246,3727,0,7,31,38,18,4,0,2022,7,13,2,Wednesday,28,194,3,False,False,False,Summer,Summer Break,False,187,False,,False,,42425,3821,9.006482027106658,46910.0,4201.0,-664.0,-380.0,-2455.0,873.0,-1514.0,77.33333333333333,2752.0,643.8571428571429,July
2022-07-14,390,liver,40549,3388,0,4,16,26,25,20,8,2022,7,14,3,Thursday,28,195,3,False,False,False,Summer,Summer Break,False,188,False,,False,,42148,-1599,-3.7937743190661477,46246.0,3821.0,-5697.0,-5420.0,4201.0,4011.0,-2455.0,1855.6666666666667,-846.0,796.5714285714286,July
2022-07-15,391,wedge,39234,3353,0,2,11,32,37,17,2,2022,7,15,4,Friday,28,196,3,False,False,False,Summer,Summer Break,False,189,False,,False,,41877,-2643,-6.311340353893545,40549.0,-1599.0,-1315.0,-1044.0,3821.0,1111.0,4201.0,2141.0,-1118.0,689.0,July
2022-07-16,392,roomy,38769,3280,0,2,17,41,28,10,2,2022,7,16,5,Saturday,28,197,3,True,False,False,Summer,Summer Break,False,190,False,,False,,41611,-2842,-6.829924779505419,39234.0,-2643.0,-465.0,-199.0,-1599.0,-2121.0,3821.0,-140.33333333333334,3487.0,471.14285714285717,July
2022-07-17,393,wacky,39611,3345,0,3,18,39,27,10,2,2022,7,17,6,Sunday,28,198,3,True,False,False,Summer,Summer Break,False,191,False,,False,,41350,-1739,-4.205562273276905,38769.0,-2842.0,842.0,1103.0,-2643.0,-2742.5,-1599.0,-2361.3333333333335,-1514.0,-433.0,July
2022-07-18,394,flock,42574,3548,0,4,22,37,27,9,1,2022,7,18,0,Monday,29,199,3,False,False,False,Summer,Summer Break,False,192,False,,False,,41094,1480,3.6014990022874387,39611.0,-1739.0,2963.0,3219.0,-2842.0,-2290.5,-2643.0,-2408.0,-2455.0,-465.14285714285717,July
2022-07-19,395,angry,39667,3358,0,5,27,38,21,7,1,2022,7,19,1,Tuesday,29,200,3,False,False,False,Summer,Summer Break,False,193,False,,False,,40842,-1175,-2.8769404044855786,42574.0,1480.0,-2907.0,-2655.0,-1739.0,-129.5,-2842.0,-1033.6666666666667,4201.0,97.0,July
2022-07-20,396,trite,42237,3685,0,4,14,22,22,23,15,2022,7,20,2,Wednesday,29,201,3,False,False,False,Summer,Summer Break,False,194,False,,False,,40595,1642,4.044833107525558,39667.0,-1175.0,2570.0,2817.0,1480.0,152.5,-1739.0,-478.0,3821.0,-671.0,July
2022-07-21,397,aphid,39086,3367,0,6,24,36,23,9,2,2022,7,21,3,Thursday,29,202,3,False,False,False,Summer,Summer Break,False,195,False,,False,,40351,-1265,-3.134990458724691,42237.0,1642.0,-3151.0,-2907.0,-1175.0,233.5,1480.0,649.0,-1599.0,-982.2857142857143,July
2022-07-22,398,tryst,43099,3665,0,3,26,41,23,6,1,2022,7,22,4,Friday,29,203,3,False,False,False,Summer,Summer Break,False,196,False,,False,,40112,2987,7.446649381731153,39086.0,-1265.0,4013.0,4252.0,1642.0,188.5,-1175.0,-266.0,-2643.0,-934.5714285714286,July
2022-07-23,399,midge,36769,3111,0,2,18,39,28,10,2,2022,7,23,5,Saturday,29,204,3,True,False,False,Summer,Summer Break,False,197,False,,False,,39876,-3107,-7.791654127796169,43099.0,2987.0,-6330.0,-6094.0,-1265.0,861.0,1642.0,1121.3333333333333,-2842.0,-130.28571428571428,July
2022-07-24,400,power,39813,3401,2,6,19,29,24,15,4,2022,7,24,6,Sunday,29,205,3,True,False,False,Summer,Summer Break,False,198,False,,False,,39644,169,0.4262940167490667,36769.0,-3107.0,3044.0,3276.0,2987.0,-60.0,-1265.0,-461.6666666666667,-1739.0,-168.14285714285714,July
2022-07-25,401,elope,39228,3339,0,4,22,32,26,13,2,2022,7,25,0,Monday,30,206,3,False,False,False,Summer,Summer Break,False,199,False,,False,,39416,-188,-0.4769636695758068,39813.0,169.0,-585.0,-357.0,-3107.0,-1469.0,2987.0,16.333333333333332,1480.0,104.42857142857143,July
2022-07-26,402,cinch,39171,3507,0,2,15,24,22,25,13,2022,7,26,1,Tuesday,30,207,3,False,False,False,Summer,Summer Break,False,200,False,,False,,39192,-21,-0.053582363747703615,39228.0,-188.0,-57.0,167.0,169.0,-9.5,-3107.0,-1042.0,-1175.0,-133.85714285714286,July
2022-07-27,403,motto,38384,3285,0,1,11,36,36,14,1,2022,7,27,2,Wednesday,30,208,3,False,False,False,Summer,Summer Break,False,201,False,,False,,38971,-587,-1.5062482358676965,39171.0,-21.0,-787.0,-566.0,-188.0,-104.5,169.0,-13.333333333333334,1642.0,31.0,July
2022-07-28,404,stomp,40650,3490,0,7,26,32,21,11,2,2022,7,28,3,Thursday,30,209,3,False,False,False,Summer,Summer Break,False,202,False,,False,,38755,1895,4.889691652689975,38384.0,-587.0,2266.0,2482.0,-21.0,-304.0,-188.0,-265.3333333333333,-1265.0,-287.42857142857144,July
2022-07-29,405,upset,37791,3213,0,5,30,38,20,6,1,2022,7,29,4,Friday,30,210,3,False,False,False,Summer,Summer Break,False,203,False,,False,,38542,-751,-1.9485236884437755,40650.0,1895.0,-2859.0,-2646.0,-587.0,654.0,-21.0,429.0,2987.0,164.0,July
2022-07-30,406,bluff,37353,3171,0,2,14,42,31,10,1,2022,7,30,5,Saturday,30,211,3,True,False,False,Summer,Summer Break,False,204,False,,False,,38334,-981,-2.559085928940366,37791.0,-751.0,-438.0,-230.0,1895.0,572.0,-587.0,185.66666666666666,-3107.0,-370.0,July
2022-07-31,407,cramp,39250,3369,1,8,26,33,19,10,2,2022,7,31,6,Sunday,30,212,3,True,False,True,Summer,Summer Break,False,205,False,,False,,38129,1121,2.9400194077998374,37353.0,-981.0,1897.0,2102.0,-751.0,-866.0,1895.0,54.333333333333336,169.0,-66.28571428571429,July
2022-08-01,408,quart,36662,3303,0,5,20,33,27,13,2,2022,8,1,0,Monday,31,213,3,False,True,False,Summer,Summer Break,False,206,False,,False,,37928,-1266,-3.3379033959080364,39250.0,1121.0,-2588.0,-2387.0,-981.0,70.0,-751.0,-203.66666666666666,-188.0,69.71428571428571,August
2022-08-02,409,coyly,34909,3380,0,0,4,17,28,35,15,2022,8,2,1,Tuesday,31,214,3,False,False,False,Summer,Summer Break,False,207,False,,False,,37731,-2822,-7.479261085049428,36662.0,-1266.0,-1753.0,-1556.0,1121.0,-72.5,-981.0,-375.3333333333333,-21.0,-84.28571428571429,August
2022-08-03,410,youth,38381,3327,1,5,17,31,29,15,3,2022,8,3,2,Wednesday,31,215,3,False,False,False,Summer,Summer Break,False,208,False,,False,,37539,842,2.2430006126961293,34909.0,-2822.0,3472.0,3664.0,-1266.0,-2044.0,1121.0,-989.0,-587.0,-484.42857142857144,August
2022-08-04,411,rhyme,37229,3336,0,4,22,39,25,8,1,2022,8,4,3,Thursday,31,216,3,False,False,False,Summer,Summer Break,False,209,False,,False,,37350,-121,-0.3239625167336011,38381.0,842.0,-1152.0,-963.0,-2822.0,-990.0,-1266.0,-1082.0,1895.0,-280.2857142857143,August
2022-08-05,412,buggy,37350,3428,0,1,9,29,34,22,5,2022,8,5,4,Friday,31,217,3,False,False,False,Summer,Summer Break,False,210,False,,False,,37166,184,0.49507614486358503,37229.0,-121.0,121.0,305.0,842.0,360.5,-2822.0,-700.3333333333334,-751.0,-568.2857142857143,August
2022-08-06,413,alien,38841,3395,3,17,31,29,15,4,0,2022,8,6,5,Saturday,31,218,3,True,False,False,Summer,Summer Break,False,211,False,,False,,36985,1856,5.018250642152224,37350.0,184.0,1491.0,1672.0,-121.0,31.5,842.0,301.6666666666667,-981.0,-434.7142857142857,August
2022-08-07,414,smear,36223,3190,0,2,16,39,29,12,2,2022,8,7,6,Sunday,31,219,3,True,False,False,Summer,Summer Break,False,212,False,,False,,36809,-586,-1.592001956043359,38841.0,1856.0,-2618.0,-2442.0,184.0,1020.0,-121.0,639.6666666666666,1121.0,-29.428571428571427,August
2022-08-08,415,unfit,35516,3187,0,3,24,38,25,9,1,2022,8,8,0,Monday,32,220,3,False,False,False,Summer,Summer Break,False,213,False,,False,,36637,-1121,-3.059748341840216,36223.0,-586.0,-707.0,-535.0,1856.0,635.0,184.0,484.6666666666667,-1266.0,-273.2857142857143,August
2022-08-09,416,patty,36223,3019,0,2,16,39,29,12,1,2022,8,9,1,Tuesday,32,221,3,False,False,False,Summer,Summer Break,False,214,False,,False,,36469,-246,-0.6745455044009981,35516.0,-1121.0,707.0,875.0,-586.0,-853.5,1856.0,49.666666666666664,-2822.0,-252.57142857142858,August
2022-08-10,417,cling,37654,3312,0,4,20,34,27,13,2,2022,8,10,2,Wednesday,32,222,3,False,False,False,Summer,Summer Break,False,215,False,,False,,36305,1349,3.7157416333838316,36223.0,-246.0,1431.0,1595.0,-1121.0,-683.5,-586.0,-651.0,842.0,115.42857142857143,August
2022-08-11,418,glean,37301,3243,0,6,23,37,24,8,1,2022,8,11,3,Thursday,32,223,3,False,False,False,Summer,Summer Break,False,216,False,,False,,36144,1157,3.2010845506861445,37654.0,1349.0,-353.0,-192.0,-246.0,551.5,-1121.0,-6.0,-121.0,187.85714285714286,August
2022-08-12,419,label,34198,3076,0,4,18,32,29,15,2,2022,8,12,4,Friday,32,224,3,False,False,False,Summer,Summer Break,False,217,False,,False,,35987,-1789,-4.971239614305166,37301.0,1157.0,-3103.0,-2946.0,1349.0,1253.0,-246.0,753.3333333333334,184.0,370.42857142857144,August
2022-08-13,420,hunky,35276,3185,0,1,11,33,25,22,7,2022,8,13,5,Saturday,32,225,3,True,False,False,Summer,Summer Break,False,218,False,,False,,35833,-557,-1.554433064493623,34198.0,-1789.0,1078.0,1232.0,1157.0,-316.0,1349.0,239.0,1856.0,88.57142857142857,August
2022-08-14,421,khaki,31652,2968,0,2,17,33,28,16,4,2022,8,14,6,Sunday,32,226,3,True,False,False,Summer,Summer Break,False,219,False,,False,,35681,-4029,-11.29172388666237,35276.0,-557.0,-3624.0,-3472.0,-1789.0,-1173.0,1157.0,-396.3333333333333,-586.0,-256.14285714285717,August
2022-08-15,422,poker,35376,3180,0,4,17,30,27,17,5,2022,8,15,0,Monday,33,227,3,False,False,False,Summer,Summer Break,False,220,False,,False,,35532,-156,-0.4390408645727794,31652.0,-4029.0,3724.0,3873.0,-557.0,-2293.0,-1789.0,-2125.0,-1121.0,-748.0,August
2022-08-16,423,gruel,35105,3087,0,3,19,39,29,9,1,2022,8,16,1,Tuesday,33,228,3,False,False,False,Summer,Summer Break,False,221,False,,False,,35384,-279,-0.7884919737734568,35376.0,-156.0,-271.0,-123.0,-4029.0,-2092.5,-557.0,-1580.6666666666667,-246.0,-610.1428571428571,August
2022-08-17,424,twice,35815,3173,1,6,28,38,21,6,1,2022,8,17,2,Wednesday,33,229,3,False,False,False,Summer,Summer Break,False,222,False,,False,,35238,577,1.6374368579374539,35105.0,-279.0,710.0,856.0,-156.0,-217.5,-4029.0,-1488.0,1349.0,-614.8571428571429,August
2022-08-18,425,twang,34938,3172,0,3,22,43,25,7,1,2022,8,18,3,Thursday,33,230,3,False,False,False,Summer,Summer Break,False,223,False,,False,,35094,-156,-0.4445204308428792,35815.0,577.0,-877.0,-733.0,-279.0,149.0,-156.0,47.333333333333336,1157.0,-725.1428571428571,August
2022-08-19,426,shrug,33965,2987,0,4,23,36,26,10,1,2022,8,19,4,Friday,33,231,3,False,False,False,Summer,Summer Break,False,224,False,,False,,34949,-984,-2.8155312026095167,34938.0,-156.0,-973.0,-828.0,577.0,210.5,-279.0,47.333333333333336,-1789.0,-912.7142857142857,August
2022-08-20,427,treat,38245,3249,1,22,32,26,14,5,1,2022,8,20,5,Saturday,33,232,3,True,False,False,Summer,Summer Break,False,225,False,,False,,34806,3439,9.880480376946503,33965.0,-984.0,4280.0,4423.0,-156.0,-570.0,577.0,-187.66666666666666,-557.0,-797.7142857142857,August
2022-08-21,428,waste,35617,3186,1,7,19,27,24,17,5,2022,8,21,6,Sunday,33,233,3,True,False,False,Summer,Summer Break,False,226,False,,False,,34662,955,2.755178581732156,38245.0,3439.0,-2628.0,-2484.0,-984.0,1227.5,-156.0,766.3333333333334,-4029.0,-226.85714285714286,August
2022-08-22,429,merit,35888,3123,0,7,33,37,17,5,0,2022,8,22,0,Monday,34,234,3,False,False,False,Summer,Summer Break,False,227,False,,False,,34518,1370,3.9689437394982328,35617.0,955.0,271.0,415.0,3439.0,2197.0,-984.0,1136.6666666666667,-156.0,485.14285714285717,August
2022-08-23,430,woven,33549,2933,0,2,13,32,32,17,3,2022,8,23,1,Tuesday,34,235,3,False,False,False,Summer,Summer Break,False,228,False,,False,,34374,-825,-2.4000698202129516,35888.0,1370.0,-2339.0,-2195.0,955.0,1162.5,3439.0,1921.3333333333333,-279.0,703.1428571428571,August
2022-08-24,431,needy,33700,2927,0,2,21,41,26,9,1,2022,8,24,2,Wednesday,34,236,3,False,False,False,Summer,Summer Break,False,229,False,,False,,34230,-530,-1.5483494011101373,33549.0,-825.0,151.0,295.0,1370.0,272.5,955.0,500.0,577.0,625.1428571428571,August
2022-08-25,432,clown,36737,3175,1,8,29,36,20,6,1,2022,8,25,3,Thursday,34,237,3,False,False,False,Summer,Summer Break,False,230,False,,False,,34087,2650,7.774224777774519,33700.0,-530.0,3037.0,3180.0,-825.0,-677.5,1370.0,5.0,-156.0,467.0,August
2022-08-26,433,irony,34716,3046,0,6,29,34,21,8,1,2022,8,26,4,Friday,34,238,3,False,False,False,Summer,Summer Break,False,231,False,,False,,33943,773,2.2773473175617944,36737.0,2650.0,-2021.0,-1877.0,-530.0,1060.0,-825.0,431.6666666666667,-984.0,867.8571428571429,August
2022-08-27,434,ruder,31241,2784,0,2,16,33,29,16,4,2022,8,27,5,Saturday,34,239,3,True,False,False,Summer,Summer Break,False,232,False,,False,,33801,-2560,-7.573740421881009,34716.0,773.0,-3475.0,-3333.0,2650.0,1711.5,-530.0,964.3333333333334,3439.0,1118.857142857143,August
2022-08-28,435,gauze,30214,2866,0,2,11,24,31,25,8,2022,8,28,6,Sunday,34,240,3,True,False,False,Summer,Summer Break,False,233,False,,False,,33660,-3446,-10.23767082590612,31241.0,-2560.0,-1027.0,-886.0,773.0,-893.5,2650.0,287.6666666666667,955.0,261.85714285714283,August
2022-08-29,436,chief,34281,3072,1,6,32,38,18,5,0,2022,8,29,0,Monday,35,241,3,False,False,False,Summer,Summer Break,False,234,False,,False,,33521,760,2.2672354643357893,30214.0,-3446.0,4067.0,4206.0,-2560.0,-3003.0,773.0,-1744.3333333333333,1370.0,-366.85714285714283,August
2022-08-30,437,onset,33660,3009,0,4,29,40,21,6,1,2022,8,30,1,Tuesday,35,242,3,False,False,False,Summer,Summer Break,False,235,False,,False,,33386,274,0.8207032888036903,34281.0,760.0,-621.0,-486.0,-3446.0,-1343.0,-2560.0,-1748.6666666666667,-825.0,-454.0,August
2022-08-31,438,prize,35343,3166,0,5,12,20,32,26,5,2022,8,31,2,Wednesday,35,243,3,False,False,True,Summer,Summer Break,False,236,False,,False,,33254,2089,6.281951043483492,33660.0,274.0,1683.0,1815.0,760.0,517.0,-3446.0,-804.0,-530.0,-297.0,August
2022-09-01,439,fungi,31903,2928,0,2,18,41,28,9,1,2022,9,1,3,Thursday,35,244,3,False,True,False,Fall,Fall Semester,True,237,False,,False,,33126,-1223,-3.691964016180643,35343.0,2089.0,-3440.0,-3312.0,274.0,1181.5,760.0,1041.0,2650.0,77.14285714285714,September
2022-09-02,440,charm,35724,3149,1,12,32,34,16,5,1,2022,9,2,4,Friday,35,245,3,False,False,False,Fall,Fall Semester,True,238,False,,False,,33004,2720,8.241425281784027,31903.0,-1223.0,3821.0,3943.0,2089.0,433.0,274.0,380.0,773.0,-476.14285714285717,September
2022-09-03,441,gully,31191,2877,0,1,9,27,31,25,7,2022,9,3,5,Saturday,35,246,3,True,False,False,Fall,Fall Semester,False,239,False,,False,-2.0,32889,-1698,-5.1628203958770404,35724.0,2720.0,-4533.0,-4418.0,-1223.0,748.5,2089.0,1195.3333333333333,-2560.0,-198.0,September
2022-09-04,442,inter,32018,2889,0,6,25,36,23,8,1,2022,9,4,6,Sunday,35,247,3,True,False,False,Fall,Fall Semester,False,240,False,,False,-1.0,32779,-761,-2.321608346807407,31191.0,-1698.0,827.0,937.0,2720.0,511.0,-1223.0,-67.0,-3446.0,-74.85714285714286,September
2022-09-05,443,whoop,32733,2970,0,1,16,47,29,7,1,2022,9,5,0,Monday,36,248,3,False,False,False,Fall,Fall Semester,True,241,True,Labor Day,False,0.0,32678,55,0.16830895403635474,32018.0,-761.0,715.0,816.0,-1698.0,-1229.5,2720.0,87.0,760.0,308.7142857142857,September
2022-09-06,444,taunt,32734,3022,0,4,19,27,21,16,13,2022,9,6,1,Tuesday,36,249,3,False,False,False,Fall,Fall Semester,True,242,False,,False,1.0,32584,150,0.46034863736803333,32733.0,55.0,1.0,95.0,-761.0,-353.0,-1698.0,-801.3333333333334,274.0,208.0,September
2022-09-07,445,leery,30992,2873,0,3,17,37,28,12,2,2022,9,7,2,Wednesday,36,250,3,False,False,False,Fall,Fall Semester,True,243,False,,False,2.0,32497,-1505,-4.631196725851617,32734.0,150.0,-1742.0,-1655.0,55.0,102.5,-761.0,-185.33333333333334,2089.0,190.28571428571428,September
2022-09-08,446,class,31962,3001,0,4,21,32,22,13,7,2022,9,8,3,Thursday,36,251,3,False,False,False,Fall,Fall Semester,True,244,False,,False,,32419,-457,-1.409667170486443,30992.0,-1505.0,970.0,1048.0,150.0,-677.5,55.0,-433.3333333333333,-1223.0,-323.14285714285717,September
2022-09-09,447,theme,32172,2909,0,8,29,40,18,4,0,2022,9,9,4,Friday,36,252,3,False,False,False,Fall,Fall Semester,True,245,False,,False,,32347,-175,-0.5410084397316598,31962.0,-457.0,210.0,282.0,-1505.0,-981.0,150.0,-604.0,2720.0,-213.71428571428572,September
2022-09-10,448,lofty,29237,2777,0,4,19,34,27,13,3,2022,9,10,5,Saturday,36,253,3,True,False,False,Fall,Fall Semester,False,246,False,,False,,32282,-3045,-9.432501084195527,32172.0,-175.0,-2935.0,-2870.0,-457.0,-316.0,-1505.0,-712.3333333333334,-1698.0,-627.2857142857143,September
2022-09-11,449,tibia,27887,2675,0,1,14,40,30,12,2,2022,9,11,6,Sunday,36,254,3,True,False,False,Fall,Fall Semester,False,247,False,,False,,32223,-4336,-13.456226918660585,29237.0,-3045.0,-1350.0,-1291.0,-175.0,-1610.0,-457.0,-1225.6666666666667,-761.0,-819.7142857142857,September
2022-09-12,450,booze,29147,2883,0,1,7,27,38,23,4,2022,9,12,0,Monday,37,255,3,False,False,False,Fall,Fall Semester,True,248,False,,False,,32169,-3022,-9.394137212844663,27887.0,-4336.0,1260.0,1314.0,-3045.0,-3690.5,-175.0,-2518.6666666666665,55.0,-1330.4285714285713,September
2022-09-13,451,alpha,29497,2706,0,3,19,40,28,9,1,2022,9,13,1,Tuesday,37,256,3,False,False,False,Fall,Fall Semester,True,249,False,,False,,32118,-2621,-8.160533034435518,29147.0,-3022.0,350.0,401.0,-4336.0,-3679.0,-3045.0,-3467.6666666666665,150.0,-1770.0,September
2022-09-14,452,thyme,32142,2938,1,5,24,41,23,5,0,2022,9,14,2,Wednesday,37,257,3,False,False,False,Fall,Fall Semester,True,250,False,,False,,32070,72,0.22450888681010292,29497.0,-2621.0,2645.0,2693.0,-3022.0,-2821.5,-4336.0,-3326.3333333333335,-1505.0,-2165.8571428571427,September
2022-09-15,453,doubt,33344,3011,1,12,32,34,16,4,0,2022,9,15,3,Thursday,37,258,3,False,False,False,Fall,Fall Semester,True,251,False,,False,,32023,1321,4.125160041220373,32142.0,72.0,1202.0,1249.0,-2621.0,-1274.5,-3022.0,-1857.0,-457.0,-1940.5714285714287,September
2022-09-16,454,parer,37309,4130,0,0,4,11,15,22,48,2022,9,16,4,Friday,37,259,3,False,False,False,Fall,Fall Semester,True,252,False,,False,,31975,5334,16.6817826426896,33344.0,1321.0,3965.0,4013.0,72.0,696.5,-2621.0,-409.3333333333333,-175.0,-1686.5714285714287,September
2022-09-17,455,chute,33418,3073,0,11,37,36,12,3,0,2022,9,17,5,Saturday,37,260,3,True,False,False,Fall,Fall Semester,False,253,False,,False,,31925,1493,4.676585747846515,37309.0,5334.0,-3891.0,-3841.0,1321.0,3327.5,72.0,2242.3333333333335,-3045.0,-899.5714285714286,September
2022-09-18,456,stick,33102,3038,1,9,36,35,14,4,0,2022,9,18,6,Sunday,37,261,3,True,False,False,Fall,Fall Semester,False,254,False,,False,,31872,1230,3.8591867469879517,33418.0,1493.0,-316.0,-263.0,5334.0,3413.5,1321.0,2716.0,-4336.0,-251.28571428571428,September
2022-09-19,457,trice,35050,3430,0,5,24,25,18,17,11,2022,9,19,0,Monday,38,262,3,False,False,False,Fall,Fall Semester,True,255,False,,False,,31815,3235,10.168159673110168,33102.0,1230.0,1948.0,2005.0,1493.0,1361.5,5334.0,2685.6666666666665,-3022.0,543.8571428571429,September
2022-09-20,458,alike,31277,2843,0,6,20,33,27,12,2,2022,9,20,1,Tuesday,38,263,3,False,False,False,Fall,Fall Semester,True,256,False,,False,,31752,-475,-1.49596875787352,35050.0,3235.0,-3773.0,-3710.0,1230.0,2232.5,1493.0,1986.0,-2621.0,1437.7142857142858,September
2022-09-21,459,recap,31976,2900,0,5,30,35,21,8,1,2022,9,21,2,Wednesday,38,264,3,False,False,False,Fall,Fall Semester,True,257,False,,False,,31684,292,0.9216008079787905,31277.0,-475.0,699.0,767.0,3235.0,1380.0,1230.0,1330.0,72.0,1744.2857142857142,September
2022-09-22,460,saint,34455,3119,1,14,35,29,15,5,1,2022,9,22,3,Thursday,38,265,3,False,False,False,Fall,Fall Semester,True,258,False,,False,,31608,2847,9.007213363705391,31976.0,292.0,2479.0,2555.0,-475.0,-91.5,3235.0,1017.3333333333334,1321.0,1775.7142857142858,September
2022-09-23,461,glory,31509,2893,0,6,30,39,19,5,0,2022,9,23,4,Friday,38,266,3,False,False,False,Fall,Fall Semester,True,259,False,,False,,31527,-18,-0.05709391949757351,34455.0,2847.0,-2946.0,-2865.0,292.0,1569.5,-475.0,888.0,5334.0,1993.7142857142858,September
2022-09-24,462,grate,32777,3077,1,14,29,28,16,8,3,2022,9,24,5,Saturday,38,267,3,True,False,False,Fall,Fall Semester,False,260,False,,False,,31438,1339,4.25917679241682,31509.0,-18.0,1268.0,1357.0,2847.0,1414.5,292.0,1040.3333333333333,1493.0,1229.142857142857,September
2022-09-25,463,admit,28994,2677,0,10,25,34,22,8,1,2022,9,25,6,Sunday,38,268,3,True,False,False,Fall,Fall Semester,False,261,False,,False,,31342,-2348,-7.491544891838428,32777.0,1339.0,-3783.0,-3687.0,-18.0,660.5,2847.0,1389.3333333333333,1230.0,1207.142857142857,September
2022-09-26,464,brisk,31706,2884,0,5,23,38,24,7,1,2022,9,26,0,Monday,39,269,3,False,False,False,Fall,Fall Semester,True,262,False,,False,,31241,465,1.4884286674562275,28994.0,-2348.0,2712.0,2813.0,1339.0,-504.5,-18.0,-342.3333333333333,3235.0,696.0,September
2022-09-27,465,soggy,30985,2888,0,2,18,38,28,11,2,2022,9,27,1,Tuesday,39,270,3,False,False,False,Fall,Fall Semester,True,263,False,,False,,31134,-149,-0.47857647587846086,31706.0,465.0,-721.0,-614.0,-2348.0,-941.5,1339.0,-181.33333333333334,-475.0,300.2857142857143,September
2022-09-28,466,usurp,31355,3007,0,3,21,38,26,9,1,2022,9,28,2,Wednesday,39,271,3,False,False,False,Fall,Fall Semester,True,264,False,,False,,31021,334,1.0766899842042488,30985.0,-149.0,370.0,483.0,465.0,158.0,-2348.0,-677.3333333333334,292.0,346.85714285714283,September
2022-09-29,467,scald,30477,2829,0,4,23,36,24,11,2,2022,9,29,3,Thursday,39,272,3,False,False,False,Fall,Fall Semester,True,265,False,,False,,30905,-428,-1.3848891765086555,31355.0,334.0,-878.0,-762.0,-149.0,92.5,465.0,216.66666666666666,2847.0,352.85714285714283,September
2022-09-30,468,scorn,31223,2859,0,8,31,35,20,6,1,2022,9,30,4,Friday,39,273,3,False,False,True,Fall,Fall Semester,True,266,False,,False,,30786,437,1.4194763853699732,30477.0,-428.0,746.0,865.0,334.0,-47.0,-149.0,-81.0,-18.0,-115.0,September
2022-10-01,469,leave,28202,2696,0,4,16,34,31,12,1,2022,10,1,5,Saturday,39,274,4,True,True,False,Fall,Fall Semester,False,267,False,,False,,30665,-2463,-8.031958258601012,31223.0,437.0,-3021.0,-2900.0,-428.0,4.5,334.0,114.33333333333333,1339.0,-50.0,October
2022-10-02,470,twine,30088,2775,0,6,28,40,20,5,1,2022,10,2,6,Sunday,39,275,4,True,False,False,Fall,Fall Semester,False,268,False,,False,,30542,-454,-1.4864776373518434,28202.0,-2463.0,1886.0,2009.0,437.0,-1013.0,-428.0,-818.0,-2348.0,-593.1428571428571,October
2022-10-03,471,sting,32288,2969,1,10,30,33,18,8,2,2022,10,3,0,Monday,40,276,4,False,False,False,Fall,Fall Semester,True,269,False,,False,,30419,1869,6.14418619941484,30088.0,-454.0,2200.0,2323.0,-2463.0,-1458.5,437.0,-826.6666666666666,465.0,-322.57142857142856,October
2022-10-04,472,bough,32014,3060,0,3,17,35,28,13,3,2022,10,4,1,Tuesday,40,277,4,False,False,False,Fall,Fall Semester,True,270,False,,False,,30298,1716,5.6637401808700245,32288.0,1869.0,-274.0,-153.0,-454.0,707.5,-2463.0,-349.3333333333333,-149.0,-122.0,October
2022-10-05,473,march,30935,2885,0,9,30,35,19,6,1,2022,10,5,2,Wednesday,40,278,4,False,False,False,Fall,Fall Semester,True,271,False,,False,,30177,758,2.5118467707194223,32014.0,1716.0,-1079.0,-958.0,1869.0,1792.5,-454.0,1043.6666666666667,334.0,144.42857142857142,October
2022-10-06,474,sloth,32522,2987,1,10,38,34,13,3,0,2022,10,6,3,Thursday,40,279,4,False,False,False,Fall,Fall Semester,True,272,False,,False,,30059,2463,8.193885358794372,30935.0,758.0,1587.0,1705.0,1716.0,1237.0,1869.0,1447.6666666666667,-428.0,205.0,October
2022-10-07,475,dandy,29026,2840,0,2,11,23,29,24,11,2022,10,7,4,Friday,40,280,4,False,False,False,Fall,Fall Semester,True,273,False,,False,,29944,-918,-3.0657226823403687,32522.0,2463.0,-3496.0,-3381.0,758.0,1610.5,1716.0,1645.6666666666667,437.0,618.0,October
2022-10-08,476,vigor,26905,2642,0,2,15,35,31,14,2,2022,10,8,5,Saturday,40,281,4,True,False,False,Fall,Fall Semester,False,274,False,,False,,29832,-2927,-9.811611692142666,29026.0,-918.0,-2121.0,-2009.0,2463.0,772.5,758.0,767.6666666666666,-2463.0,424.42857142857144,October
2022-10-09,477,howdy,28408,2668,0,2,13,32,32,17,4,2022,10,9,6,Sunday,40,282,4,True,False,False,Fall,Fall Semester,False,275,False,,False,,29724,-1316,-4.427398735028933,26905.0,-2927.0,1503.0,1611.0,-918.0,-1922.5,2463.0,-460.6666666666667,-454.0,358.14285714285717,October
2022-10-10,478,enjoy,26878,2654,0,3,12,29,33,20,3,2022,10,10,0,Monday,41,283,4,False,False,False,Fall,Fall Semester,True,276,False,,False,,29620,-2742,-9.25725860904794,28408.0,-1316.0,-1530.0,-1426.0,-2927.0,-2121.5,-918.0,-1720.3333333333333,1869.0,235.0,October
2022-10-11,479,valid,28575,2752,0,4,28,38,21,8,1,2022,10,11,1,Tuesday,41,284,4,False,False,False,Fall,Fall Semester,True,277,False,,False,,29519,-944,-3.197940309631085,26878.0,-2742.0,1697.0,1798.0,-1316.0,-2029.0,-2927.0,-2328.3333333333335,1716.0,-423.7142857142857,October
2022-10-12,480,ionic,29151,2947,0,2,13,25,28,21,11,2022,10,12,2,Wednesday,41,285,4,False,False,False,Fall,Fall Semester,True,278,False,,False,,29422,-271,-0.9210794643464075,28575.0,-944.0,576.0,673.0,-2742.0,-1843.0,-1316.0,-1667.3333333333333,758.0,-803.7142857142857,October
2022-10-13,481,equal,27197,2677,0,5,23,35,25,11,2,2022,10,13,3,Thursday,41,286,4,False,False,False,Fall,Fall Semester,True,279,False,,False,,29328,-2131,-7.266093835242772,29151.0,-271.0,-1954.0,-1860.0,-944.0,-607.5,-2742.0,-1319.0,2463.0,-950.7142857142857,October
2022-10-14,482,floor,28906,2752,0,3,23,44,24,6,0,2022,10,14,4,Friday,41,287,4,False,False,False,Fall,Fall Semester,True,280,False,,False,,29237,-331,-1.1321270992235866,27197.0,-2131.0,1709.0,1800.0,-271.0,-1201.0,-944.0,-1115.3333333333333,-918.0,-1607.0,October
2022-10-15,483,catch,30403,3123,0,7,18,20,15,16,23,2022,10,15,5,Saturday,41,288,4,True,False,False,Fall,Fall Semester,False,281,False,,False,,29149,1254,4.302034375107207,28906.0,-331.0,1497.0,1585.0,-2131.0,-1231.0,-271.0,-911.0,-2927.0,-1523.142857142857,October
2022-10-16,484,spade,30459,2854,1,8,29,36,19,6,1,2022,10,16,6,Sunday,41,289,4,True,False,False,Fall,Fall Semester,False,282,False,,False,,29064,1395,4.7997522708505365,30403.0,1254.0,56.0,141.0,-331.0,461.5,-2131.0,-402.6666666666667,-1316.0,-925.8571428571429,October
2022-10-17,485,stein,31269,2965,1,12,34,32,16,5,1,2022,10,17,0,Monday,42,290,4,False,False,False,Fall,Fall Semester,True,283,False,,False,,28980,2289,7.898550724637682,30459.0,1395.0,810.0,894.0,1254.0,1324.5,-331.0,772.6666666666666,-2742.0,-538.5714285714286,October
2022-10-18,486,exist,28612,2805,0,5,24,38,23,8,1,2022,10,18,1,Tuesday,42,291,4,False,False,False,Fall,Fall Semester,True,284,False,,False,,28898,-286,-0.9896878676725033,31269.0,2289.0,-2657.0,-2575.0,1395.0,1842.0,1254.0,1646.0,-944.0,180.14285714285714,October
2022-10-19,487,quirk,28322,2794,0,3,23,39,24,9,2,2022,10,19,2,Wednesday,42,292,4,False,False,False,Fall,Fall Semester,True,285,False,,False,,28817,-495,-1.7177360585765349,28612.0,-286.0,-290.0,-209.0,2289.0,1001.5,1395.0,1132.6666666666667,-271.0,274.14285714285717,October
2022-10-20,488,denim,28741,2769,0,5,29,40,20,5,0,2022,10,20,3,Thursday,42,293,4,False,False,False,Fall,Fall Semester,True,286,False,,False,,28737,4,0.013919337439537879,28322.0,-495.0,419.0,499.0,-286.0,-390.5,2289.0,502.6666666666667,-2131.0,242.14285714285714,October
2022-10-21,489,grove,28637,2794,0,4,18,30,28,17,3,2022,10,21,4,Friday,42,294,4,False,False,False,Fall,Fall Semester,True,287,False,,False,,28658,-21,-0.07327796775769418,28741.0,4.0,-104.0,-25.0,-495.0,-245.5,-286.0,-259.0,-331.0,547.1428571428571,October
2022-10-22,490,spiel,29084,2810,0,7,32,36,19,6,1,2022,10,22,5,Saturday,42,295,4,True,False,False,Fall,Fall Semester,False,288,False,,False,,28578,506,1.770592763664357,28637.0,-21.0,447.0,527.0,4.0,-8.5,-495.0,-170.66666666666666,1254.0,591.4285714285714,October
2022-10-23,491,mummy,29279,3021,0,1,4,14,27,37,18,2022,10,23,6,Sunday,42,296,4,True,False,False,Fall,Fall Semester,False,289,False,,False,,28499,780,2.736938138180287,29084.0,506.0,195.0,274.0,-21.0,242.5,4.0,163.0,1395.0,484.57142857142856,October
2022-10-24,492,fault,28947,2768,0,7,27,35,22,8,1,2022,10,24,0,Monday,43,297,4,False,False,False,Fall,Fall Semester,True,290,False,,False,,28420,527,1.8543279380717803,29279.0,780.0,-332.0,-253.0,506.0,643.0,-21.0,421.6666666666667,2289.0,396.7142857142857,October
2022-10-25,493,foggy,28953,2817,0,2,13,35,32,15,3,2022,10,25,1,Tuesday,43,298,4,False,False,False,Fall,Fall Semester,True,291,False,,False,,28341,612,2.159415687519848,28947.0,527.0,6.0,85.0,780.0,653.5,506.0,604.3333333333334,-286.0,145.0,October
2022-10-26,494,flout,30063,2904,0,6,28,37,21,7,1,2022,10,26,2,Wednesday,43,299,4,False,False,False,Fall,Fall Semester,True,292,False,,False,,28262,1801,6.372514330196023,28953.0,612.0,1110.0,1189.0,527.0,569.5,780.0,639.6666666666666,-495.0,273.2857142857143,October
2022-10-27,495,carry,27609,2615,0,4,22,35,24,12,3,2022,10,27,3,Thursday,43,300,4,False,False,False,Fall,Fall Semester,True,293,False,,False,,28183,-574,-2.0366887840187347,30063.0,1801.0,-2454.0,-2375.0,612.0,1206.5,527.0,980.0,4.0,601.2857142857143,October
2022-10-28,496,sneak,27905,2636,0,7,28,36,21,7,1,2022,10,28,4,Friday,43,301,4,False,False,False,Fall,Fall Semester,True,294,False,,False,,28103,-198,-0.7045511155392663,27609.0,-574.0,296.0,376.0,1801.0,613.5,612.0,613.0,-21.0,518.7142857142857,October
2022-10-29,497,libel,25156,2536,0,3,15,32,32,16,2,2022,10,29,5,Saturday,43,302,4,True,False,False,Fall,Fall Semester,False,295,False,,False,-2.0,28023,-2867,-10.23088177568426,27905.0,-198.0,-2749.0,-2669.0,-574.0,-386.0,1801.0,343.0,506.0,493.42857142857144,October
2022-10-30,498,waltz,24672,2496,0,2,11,29,35,19,3,2022,10,30,6,Sunday,43,303,4,True,False,False,Fall,Fall Semester,False,296,False,,False,-1.0,27943,-3271,-11.70597287334932,25156.0,-2867.0,-484.0,-404.0,-198.0,-1532.5,-574.0,-1213.0,780.0,11.571428571428571,October
2022-10-31,499,aptly,26498,2572,0,3,26,41,23,7,1,2022,10,31,0,Monday,44,304,4,False,False,True,Fall,Fall Semester,True,297,True,Halloween,False,0.0,27861,-1363,-4.892143139155091,24672.0,-3271.0,1826.0,1908.0,-2867.0,-3069.0,-198.0,-2112.0,527.0,-567.1428571428571,October
2022-11-01,500,piney,27502,3667,0,1,14,37,33,14,2,2022,11,1,1,Tuesday,44,305,4,False,True,False,Fall,Fall Semester,True,298,False,,False,1.0,27779,-277,-0.9971561251304942,26498.0,-1363.0,1004.0,1086.0,-3271.0,-2317.0,-2867.0,-2500.3333333333335,612.0,-837.1428571428571,November
2022-11-02,501,inept,27670,2640,0,6,30,39,20,6,1,2022,11,2,2,Wednesday,44,306,4,False,False,False,Fall,Fall Semester,True,299,False,,False,2.0,27695,-25,-0.09026900162484203,27502.0,-277.0,168.0,252.0,-1363.0,-820.0,-3271.0,-1637.0,1801.0,-964.1428571428571,November
2022-11-03,502,aloud,29554,2819,1,18,31,30,15,4,1,2022,11,3,3,Thursday,44,307,4,False,False,False,Fall,Fall Semester,True,300,False,,False,,27609,1945,7.044804230504545,27670.0,-25.0,1884.0,1970.0,-277.0,-151.0,-1363.0,-555.0,-574.0,-1225.0,November
2022-11-04,503,photo,27330,2565,0,5,34,43,15,3,0,2022,11,4,4,Friday,44,308,4,False,False,False,Fall,Fall Semester,True,301,False,,False,,27521,-191,-0.6940154790886959,29554.0,1945.0,-2224.0,-2136.0,-25.0,960.0,-277.0,547.6666666666666,-198.0,-865.1428571428571,November
2022-11-05,504,dream,29743,2751,5,14,31,29,15,4,1,2022,11,5,5,Saturday,44,309,4,True,False,False,Fall,Fall Semester,False,302,False,,False,,27430,2313,8.4323733138899,27330.0,-191.0,2413.0,2504.0,1945.0,877.0,-25.0,576.3333333333334,-2867.0,-864.1428571428571,November
2022-11-06,505,stale,31068,3013,2,19,30,27,15,6,2,2022,11,6,6,Sunday,44,310,4,True,False,False,Fall,Fall Semester,False,303,False,,False,,27336,3732,13.652326602282706,29743.0,2313.0,1325.0,1419.0,-191.0,1061.0,1945.0,1355.6666666666667,-3271.0,-124.14285714285714,November
2022-11-07,506,begin,26096,2439,0,6,26,36,23,7,1,2022,11,7,0,Monday,45,311,4,False,False,False,Fall,Fall Semester,True,304,False,,False,,27237,-1141,-4.189154459007967,31068.0,3732.0,-4972.0,-4873.0,2313.0,3022.5,-191.0,1951.3333333333333,-1363.0,876.2857142857143,November
2022-11-08,507,spell,27213,2531,0,4,24,37,24,9,1,2022,11,8,1,Tuesday,45,312,4,False,False,False,Fall,Fall Semester,True,305,False,,False,,27134,79,0.2911476376501806,26096.0,-1141.0,1117.0,1220.0,3732.0,1295.5,2313.0,1634.6666666666667,-277.0,908.0,November
2022-11-09,508,rainy,28984,2678,1,16,38,31,11,3,1,2022,11,9,2,Wednesday,45,313,4,False,False,False,Fall,Fall Semester,True,306,False,,False,,27027,1957,7.240907240907241,27213.0,79.0,1771.0,1878.0,-1141.0,-531.0,3732.0,890.0,-25.0,958.8571428571429,November
2022-11-10,509,unite,27467,2575,1,11,31,33,18,5,1,2022,11,10,3,Thursday,45,314,4,False,False,False,Fall,Fall Semester,True,307,False,,False,,26913,554,2.0584847471482184,28984.0,1957.0,-1517.0,-1403.0,79.0,1018.0,-1141.0,298.3333333333333,1945.0,1242.0,November
2022-11-11,510,medal,25993,2438,0,5,25,38,23,8,1,2022,11,11,4,Friday,45,315,4,False,False,False,Fall,Fall Semester,True,308,False,,False,,26794,-801,-2.989475255654251,27467.0,554.0,-1474.0,-1355.0,1957.0,1255.5,79.0,863.3333333333334,-191.0,1043.2857142857142,November
2022-11-12,511,valet,24660,2356,0,4,22,38,25,9,1,2022,11,12,5,Saturday,45,316,4,True,False,False,Fall,Fall Semester,False,309,False,,False,,26668,-2008,-7.529623518824059,25993.0,-801.0,-1333.0,-1207.0,554.0,-123.5,1957.0,570.0,2313.0,956.1428571428571,November
2022-11-13,512,inane,25085,2515,0,8,25,30,21,13,3,2022,11,13,6,Sunday,45,317,4,True,False,False,Fall,Fall Semester,False,310,False,,False,,26536,-1451,-5.468043412722339,24660.0,-2008.0,425.0,557.0,-801.0,-1404.5,554.0,-751.6666666666666,3732.0,338.85714285714283,November
2022-11-14,513,maple,26536,2467,1,6,26,36,21,8,1,2022,11,14,0,Monday,46,318,4,False,False,False,Fall,Fall Semester,True,311,False,,False,,26397,139,0.5265749895821495,25085.0,-1451.0,1451.0,1590.0,-2008.0,-1729.5,-801.0,-1420.0,-1141.0,-401.57142857142856,November
2022-11-15,514,snarl,27475,2650,0,5,21,31,24,15,4,2022,11,15,1,Tuesday,46,319,4,False,False,False,Fall,Fall Semester,True,312,False,,False,,26251,1224,4.662679516970782,26536.0,139.0,939.0,1085.0,-1451.0,-656.0,-2008.0,-1106.6666666666667,79.0,-218.71428571428572,November
2022-11-16,515,baker,25576,2541,0,5,16,23,24,22,10,2022,11,16,2,Wednesday,46,320,4,False,False,False,Fall,Fall Semester,True,313,False,,False,,26099,-523,-2.0039081957163107,27475.0,1224.0,-1899.0,-1747.0,139.0,681.5,-1451.0,-29.333333333333332,1957.0,-55.142857142857146,November
2022-11-17,516,there,27465,2530,0,14,35,33,14,4,0,2022,11,17,3,Thursday,46,321,4,False,False,False,Fall,Fall Semester,True,314,False,,False,,25941,1524,5.874869897074129,25576.0,-523.0,1889.0,2047.0,1224.0,350.5,139.0,280.0,554.0,-409.42857142857144,November
2022-11-18,517,glyph,29208,2899,0,2,23,49,20,5,1,2022,11,18,4,Friday,46,322,4,False,False,False,Fall,Fall Semester,True,315,False,,False,,25776,3432,13.314711359404097,27465.0,1524.0,1743.0,1908.0,-523.0,500.5,1224.0,741.6666666666666,-801.0,-270.85714285714283,November
2022-11-19,518,avert,24749,2400,0,7,26,35,22,9,1,2022,11,19,5,Saturday,46,323,4,True,False,False,Fall,Fall Semester,False,316,False,,False,,25607,-858,-3.350646307650252,29208.0,3432.0,-4459.0,-4290.0,1524.0,2478.0,-523.0,1477.6666666666667,-2008.0,333.85714285714283,November
2022-11-20,519,brave,24991,2396,1,6,17,27,27,18,5,2022,11,20,6,Sunday,46,324,4,True,False,False,Fall,Fall Semester,False,317,False,,False,,25433,-442,-1.7378995792867533,24749.0,-858.0,242.0,416.0,3432.0,1287.0,1524.0,1366.0,-1451.0,498.14285714285717,November
2022-11-21,520,axiom,24288,2382,0,5,19,33,27,13,3,2022,11,21,0,Monday,47,325,4,False,False,False,Fall,Fall Semester,False,318,False,,False,,25255,-967,-3.8289447634131855,24991.0,-442.0,-703.0,-525.0,-858.0,-650.0,3432.0,710.6666666666666,139.0,642.2857142857143,November
2022-11-22,521,prime,27437,2534,1,10,26,32,21,9,1,2022,11,22,1,Tuesday,47,326,4,False,False,False,Fall,Fall Semester,False,319,False,,False,-2.0,25076,2361,9.415377253150423,24288.0,-967.0,3149.0,3328.0,-442.0,-704.5,-858.0,-755.6666666666666,1224.0,484.2857142857143,November
2022-11-23,522,drive,26663,2451,1,12,32,30,18,6,1,2022,11,23,2,Wednesday,47,327,4,False,False,False,Fall,Fall Semester,False,320,False,,False,-2.0,24895,1768,7.101827676240209,27437.0,2361.0,-774.0,-593.0,-967.0,697.0,-442.0,317.3333333333333,-523.0,646.7142857142857,November
2022-11-24,523,feast,27705,2725,5,13,25,27,19,10,2,2022,11,24,3,Thursday,47,328,4,False,False,False,Fall,Fall Semester,False,321,True,Thanksgiving,True,-1.0,24714,2991,12.102452051468802,26663.0,1768.0,1042.0,1223.0,2361.0,2064.5,-967.0,1054.0,1524.0,974.0,November
2022-11-25,524,itchy,24197,2329,0,8,28,40,18,5,1,2022,11,25,4,Friday,47,329,4,False,False,False,Fall,Fall Semester,False,322,True,Black Friday,False,0.0,24536,-339,-1.3816432996413432,27705.0,2991.0,-3508.0,-3330.0,1768.0,2379.5,2361.0,2373.3333333333335,3432.0,1183.5714285714287,November
2022-11-26,525,clean,26381,2424,1,17,36,31,12,3,0,2022,11,26,5,Saturday,47,330,4,True,False,False,Fall,Fall Semester,False,323,False,,False,1.0,24360,2021,8.296387520525451,24197.0,-339.0,2184.0,2360.0,2991.0,1326.0,1768.0,1473.3333333333333,-858.0,644.8571428571429,November
2022-11-27,526,happy,25206,2356,0,6,28,39,19,6,1,2022,11,27,6,Sunday,47,331,4,True,False,False,Fall,Fall Semester,False,324,False,,False,2.0,24188,1018,4.2086985281958,26381.0,2021.0,-1175.0,-1003.0,-339.0,841.0,2991.0,1557.6666666666667,-442.0,1056.142857142857,November
2022-11-28,527,tepid,26051,2484,0,10,38,35,13,3,0,2022,11,28,0,Monday,48,332,4,False,False,False,Fall,Fall Semester,True,325,False,,False,,24022,2029,8.446424111231371,25206.0,1018.0,845.0,1011.0,2021.0,1519.5,-339.0,900.0,-967.0,1264.7142857142858,November
2022-11-29,528,undue,23739,2316,0,3,19,35,29,13,2,2022,11,29,1,Tuesday,48,333,4,False,False,False,Fall,Fall Semester,True,326,False,,False,,23863,-124,-0.5196329044965009,26051.0,2029.0,-2312.0,-2153.0,1018.0,1523.5,2021.0,1689.3333333333333,2361.0,1692.7142857142858,November
2022-11-30,529,study,2569,2405,0,6,30,33,19,10,2,2022,11,30,2,Wednesday,48,334,4,False,False,True,Fall,Fall Semester,True,327,False,,False,,23711,-21142,-89.16536628569018,23739.0,-124.0,-21170.0,-21018.0,2029.0,952.5,1018.0,974.3333333333334,1768.0,1337.7142857142858,November
2022-12-01,530,eject,22628,2200,0,2,11,35,36,14,2,2022,12,1,3,Thursday,48,335,4,False,True,False,Winter,Fall Semester,True,328,False,,False,,23566,-938,-3.9803106169905798,2569.0,-21142.0,20059.0,20204.0,-124.0,-10633.0,2029.0,-6412.333333333333,2991.0,-1935.142857142857,December
2022-12-02,531,chafe,24646,2343,0,6,30,33,19,9,2,2022,12,2,4,Friday,48,336,4,False,False,False,Winter,Fall Semester,True,329,False,,False,,23430,1216,5.18992744344857,22628.0,-938.0,2018.0,2154.0,-21142.0,-11040.0,-124.0,-7401.333333333333,-339.0,-2496.4285714285716,December
2022-12-03,532,torso,23873,2260,0,4,35,36,17,6,1,2022,12,3,5,Saturday,48,337,4,True,False,False,Winter,Fall Semester,False,330,False,,False,,23303,570,2.446036990945372,24646.0,1216.0,-773.0,-646.0,-938.0,139.0,-21142.0,-6954.666666666667,2021.0,-2274.285714285714,December
2022-12-04,533,adore,25577,2398,2,17,32,29,15,5,1,2022,12,4,6,Sunday,48,338,4,True,False,False,Winter,Fall Semester,False,331,False,,False,,23183,2394,10.326532372859424,23873.0,570.0,1704.0,1824.0,1216.0,893.0,-938.0,282.6666666666667,1018.0,-2481.5714285714284,December
2022-12-05,534,woken,23153,2200,0,2,10,25,36,23,4,2022,12,5,0,Monday,49,339,4,False,False,False,Winter,Fall Semester,True,332,False,,False,,23071,82,0.35542455897013564,25577.0,2394.0,-2424.0,-2312.0,570.0,1482.0,1216.0,1393.3333333333333,2029.0,-2285.0,December
2022-12-06,535,amber,23509,2261,0,6,22,33,24,12,3,2022,12,6,1,Tuesday,49,340,4,False,False,False,Winter,Fall Semester,True,333,False,,False,,22965,544,2.3688221206183324,23153.0,82.0,356.0,462.0,2394.0,1238.0,570.0,1015.3333333333334,-124.0,-2563.1428571428573,December
2022-12-07,536,joust,24899,2388,0,6,29,34,21,8,2,2022,12,7,2,Wednesday,49,341,4,False,False,False,Winter,Fall Semester,True,334,False,,False,,22866,2033,8.890929764716173,23509.0,544.0,1390.0,1489.0,82.0,313.0,2394.0,1006.6666666666666,-21142.0,-2467.714285714286,December
2022-12-08,537,infer,21199,1863,0,3,19,33,26,14,3,2022,12,8,3,Thursday,49,342,4,False,False,False,Winter,Fall Semester,True,335,False,,False,,22771,-1572,-6.903517632075886,24899.0,2033.0,-3700.0,-3605.0,544.0,1288.5,82.0,886.3333333333334,-938.0,843.0,December
2022-12-09,538,braid,23640,2165,0,10,36,35,14,3,0,2022,12,9,4,Friday,49,343,4,False,False,False,Winter,Fall Semester,True,336,False,,False,,22681,959,4.228208632776333,21199.0,-1572.0,2441.0,2531.0,2033.0,230.5,544.0,335.0,1216.0,752.4285714285714,December
2022-12-10,539,knock,21157,2041,0,3,18,43,27,8,1,2022,12,10,5,Saturday,49,344,4,True,False,False,Winter,Fall Semester,False,337,False,,False,,22593,-1436,-6.355950958261408,23640.0,959.0,-2483.0,-2395.0,-1572.0,-306.5,2033.0,473.3333333333333,570.0,715.7142857142857,December
2022-12-11,540,naive,21947,2075,1,7,24,32,24,11,1,2022,12,11,6,Sunday,49,345,4,True,False,False,Winter,Fall Semester,False,338,False,,False,,22507,-560,-2.488114808726174,21157.0,-1436.0,790.0,876.0,959.0,-238.5,-1572.0,-683.0,2394.0,429.14285714285717,December
2022-12-12,541,apply,22873,2150,0,5,28,38,22,7,1,2022,12,12,0,Monday,50,346,4,False,False,False,Winter,Fall Semester,True,339,False,,False,,22421,452,2.015967173631863,21947.0,-560.0,926.0,1012.0,-1436.0,-998.0,959.0,-345.6666666666667,82.0,7.142857142857143,December
2022-12-13,542,spoke,24101,2224,0,6,31,38,19,5,0,2022,12,13,1,Tuesday,50,347,4,False,False,False,Winter,Fall Semester,True,340,False,,False,,22335,1766,7.906872621446161,22873.0,452.0,1228.0,1314.0,-560.0,-54.0,-1436.0,-514.6666666666666,544.0,60.0,December
2022-12-14,543,usual,20824,2048,0,3,20,39,27,10,1,2022,12,14,2,Wednesday,50,348,4,False,False,False,Winter,Fall Semester,True,341,False,,False,,22247,-1423,-6.3963680496246695,24101.0,1766.0,-3277.0,-3189.0,452.0,1109.0,-560.0,552.6666666666666,2033.0,234.57142857142858,December
2022-12-15,544,rival,22176,2127,0,7,27,35,22,8,1,2022,12,15,3,Thursday,50,349,4,False,False,False,Winter,Fall Semester,True,342,False,,False,,22159,17,0.0767182634595424,20824.0,-1423.0,1352.0,1440.0,1766.0,171.5,452.0,265.0,-1572.0,-259.14285714285717,December
2022-12-16,545,probe,22853,2160,0,6,24,32,24,11,3,2022,12,16,4,Friday,50,350,4,False,False,False,Winter,Fall Semester,True,343,False,,False,,22069,784,3.552494449227423,22176.0,17.0,677.0,767.0,-1423.0,-703.0,1766.0,120.0,959.0,-32.142857142857146,December
2022-12-17,546,chord,22336,2088,0,7,39,38,13,3,0,2022,12,17,5,Saturday,50,351,4,True,False,False,Winter,Fall Semester,False,344,False,,False,,21977,359,1.6335259589570914,22853.0,784.0,-517.0,-425.0,17.0,400.5,-1423.0,-207.33333333333334,-1436.0,-57.142857142857146,December
2022-12-18,547,taper,22166,2108,0,8,28,30,20,11,3,2022,12,18,6,Sunday,50,352,4,True,False,False,Winter,Fall Semester,False,345,False,,False,,21884,282,1.2886126850667154,22336.0,359.0,-170.0,-77.0,784.0,571.5,17.0,386.6666666666667,-560.0,199.28571428571428,December
2022-12-19,548,slate,26010,2422,6,14,33,27,13,5,1,2022,12,19,0,Monday,51,353,4,False,False,False,Winter,Fall Semester,True,346,False,,False,,21791,4219,19.361204166857878,22166.0,282.0,3844.0,3937.0,359.0,320.5,784.0,475.0,452.0,319.57142857142856,December
2022-12-20,549,third,24137,2261,1,10,47,32,9,2,0,2022,12,20,1,Tuesday,51,354,4,False,False,False,Winter,Fall Semester,False,347,False,,False,,21697,2440,11.245794349449232,26010.0,4219.0,-1873.0,-1779.0,282.0,2250.5,359.0,1620.0,1766.0,857.7142857142857,December
2022-12-21,550,lunar,22180,2036,0,5,32,40,17,4,0,2022,12,21,2,Wednesday,51,355,4,False,False,False,Winter,Fall Semester,False,348,False,,False,,21605,575,2.661420967368665,24137.0,2440.0,-1957.0,-1865.0,4219.0,3329.5,282.0,2313.6666666666665,-1423.0,954.0,December
2022-12-22,551,excel,20490,2034,0,1,13,34,34,15,2,2022,12,22,3,Thursday,51,356,4,False,False,False,Winter,Fall Semester,False,349,False,,False,-2.0,21515,-1025,-4.764118057169417,22180.0,575.0,-1690.0,-1600.0,2440.0,1507.5,4219.0,2411.3333333333335,17.0,1239.4285714285713,December
2022-12-23,552,aorta,21937,2112,0,7,26,35,20,10,3,2022,12,23,4,Friday,51,357,4,False,False,False,Winter,Fall Semester,False,350,False,,False,-2.0,21429,508,2.370619254281581,20490.0,-1025.0,1447.0,1533.0,575.0,-225.0,2440.0,663.3333333333334,784.0,1090.5714285714287,December
2022-12-24,553,poise,20281,1911,2,11,34,32,15,6,1,2022,12,24,5,Saturday,51,358,4,True,False,False,Winter,Fall Semester,False,351,True,Christmas Eve,False,-1.0,21347,-1066,-4.993675926359676,21937.0,508.0,-1656.0,-1574.0,-1025.0,-258.5,575.0,19.333333333333332,359.0,1051.142857142857,December
2022-12-25,554,extra,15554,1562,1,5,20,35,28,10,1,2022,12,25,6,Sunday,51,359,4,True,False,False,Winter,Fall Semester,False,352,True,Christmas,True,0.0,21273,-5719,-26.883843369529455,20281.0,-1066.0,-4727.0,-4653.0,508.0,-279.0,-1025.0,-527.6666666666666,282.0,847.5714285714286,December
2022-12-26,555,judge,20011,2043,0,2,8,16,26,33,14,2022,12,26,0,Monday,52,360,4,False,False,False,Winter,Fall Semester,False,353,False,,False,1.0,21205,-1194,-5.630747465220467,15554.0,-5719.0,4457.0,4525.0,-1066.0,-3392.5,508.0,-2092.3333333333335,4219.0,-9.714285714285714,December
2022-12-27,556,condo,20879,2012,0,2,17,35,29,14,3,2022,12,27,1,Tuesday,52,361,4,False,False,False,Winter,Fall Semester,False,354,False,,False,2.0,21147,-268,-1.2673192414999763,20011.0,-1194.0,868.0,926.0,-5719.0,-3456.5,-1066.0,-2659.6666666666665,2440.0,-783.0,December
2022-12-28,557,impel,20160,1937,0,3,21,40,25,9,1,2022,12,28,2,Wednesday,52,362,4,False,False,False,Winter,Fall Semester,False,355,False,,False,,21099,-939,-4.450447888525522,20879.0,-268.0,-719.0,-671.0,-1194.0,-731.0,-5719.0,-2393.6666666666665,575.0,-1169.857142857143,December
2022-12-29,558,havoc,20001,1919,0,2,16,38,30,12,2,2022,12,29,3,Thursday,52,363,4,False,False,False,Winter,Fall Semester,False,356,False,,False,-2.0,21062,-1061,-5.037508308802583,20160.0,-939.0,-159.0,-122.0,-268.0,-603.5,-1194.0,-800.3333333333334,-1025.0,-1386.142857142857,December
2022-12-30,559,molar,21204,1973,0,4,21,38,26,9,1,2022,12,30,4,Friday,52,364,4,False,False,False,Winter,Fall Semester,False,357,False,,False,-1.0,21037,167,0.793839425773637,20001.0,-1061.0,1203.0,1228.0,-939.0,-1000.0,-268.0,-756.0,508.0,-1391.2857142857142,December
2022-12-31,560,manly,20380,1899,0,2,17,37,29,12,2,2022,12,31,5,Saturday,52,365,4,True,False,True,Winter,Fall Semester,False,358,True,New Year's Eve,True,0.0,21025,-645,-3.0677764565992867,21204.0,167.0,-824.0,-812.0,-1061.0,-447.0,-939.0,-611.0,-1066.0,-1440.0,December
