Date,Number of  reported results,trend_base,day_factor,day_effect,prediction_full,residuals_base,residuals_full,day_name,day_of_week
2022-01-07,80630,249008.36679071753,0.7981081647658971,18097.067956222112,216832.67858691502,-168378.36679071753,-136202.67858691502,Friday,4
2022-01-08,101503,249273.67979648054,0.8219377617864465,13312.833317176051,218200.28376136662,-147770.67979648054,-116697.28376136662,Saturday,5
2022-01-09,91477,249499.79186693756,0.9112244085862401,4263.178842032733,231613.4791283729,-158022.79186693756,-140136.4791283729,Sunday,6
2022-01-10,107134,249687.08346862276,0.9815199858123785,483.6343933476508,245556.49701700444,-142553.08346862276,-138422.49701700444,Monday,0
2022-01-11,153880,249835.93506807016,1.0777615834087046,-5124.133766221823,264139.4392051358,-95955.93506807016,-110259.4392051358,Tuesday,1
2022-01-12,137586,249946.72713181403,1.765137141650964,-65161.14178531197,376029.1097091517,-112360.72713181403,-238443.10970915167,Wednesday,2
2022-01-13,132726,250019.84012638836,0.6443109539893688,34128.56104275524,195219.08275085798,-117293.84012638836,-62493.08275085798,Thursday,3
2022-01-14,169484,250055.6545183273,0.7981081647658971,18097.067956222112,217668.5274731795,-80571.6545183273,-48184.52747317951,Friday,4
2022-01-15,205880,250054.550774165,0.8219377617864465,13312.833317176051,218842.11110500857,-44174.55077416499,-12962.111105008575,Saturday,5
2022-01-16,209609,250016.90936043556,0.9112244085862401,4263.178842032733,232084.68921055523,-40407.90936043556,-22475.689210555225,Sunday,6
2022-01-17,222197,249943.1107436732,0.9815199858123785,483.6343933476508,245807.79290437954,-27746.110743673198,-23610.792904379545,Monday,0
2022-01-18,220950,249833.53539041185,1.0777615834087046,-5124.133766221823,264136.85292474314,-28883.535390411853,-43186.85292474314,Tuesday,1
2022-01-19,280622,249688.5637671858,1.765137141650964,-65161.14178531197,375573.4159656328,30933.436232814187,-94951.41596563283,Wednesday,2
2022-01-20,243964,249508.57634052917,0.6443109539893688,34128.56104275524,194889.66989325083,-5544.5763405291655,49074.33010674917,Thursday,3
2022-01-21,273727,249293.95357697588,0.7981081647658971,18097.067956222112,217060.60773277708,24433.04642302412,56666.392267222924,Friday,4
2022-01-22,241489,249045.0759430604,0.8219377617864465,13312.833317176051,218012.38562175073,-7556.075943060394,23476.614378249273,Saturday,5
2022-01-23,269929,248762.3239053165,0.9112244085862401,4263.178842032733,230941.48032119346,21166.6760946835,38987.51967880654,Sunday,6
2022-01-24,258038,248446.07793027855,0.9815199858123785,483.6343933476508,244338.42527861576,9591.922069721448,13699.57472138424,Monday,0
2022-01-25,276404,248096.71848448052,1.0777615834087046,-5124.133766221823,262264.9783861156,28307.281515519484,14139.021613884426,Tuesday,1
2022-01-26,302348,247714.62603445663,1.765137141650964,-65161.14178531197,372089.14515828626,54633.373965543375,-69741.14515828626,Wednesday,2
2022-01-27,331844,247300.1810467409,0.6443109539893688,34128.56104275524,193466.77661472448,84543.81895325909,138377.22338527552,Thursday,3
2022-01-28,296968,246853.76398786763,0.7981081647658971,18097.067956222112,215113.07249813303,50114.23601213237,81854.92750186697,Friday,4
2022-01-29,313220,246375.75532437075,0.8219377617864465,13312.833317176051,215818.37020693455,66844.24467562925,97401.62979306545,Saturday,5
2022-01-30,294687,245866.53552278448,0.9112244085862401,4263.178842032733,228302.76726492983,48820.464477215515,66384.23273507017,Sunday,6
2022-01-31,341314,245326.4850496429,0.9815199858123785,483.6343933476508,241276.48251867387,95987.51495035709,100037.51748132613,Monday,0
2022-02-01,351663,244755.98437148012,1.0777615834087046,-5124.133766221823,258664.46349874075,106907.01562851988,92998.53650125925,Tuesday,1
2022-02-02,361908,244155.41395483044,1.765137141650964,-65161.14178531197,365806.64772152534,117752.58604516956,-3898.64772152534,Wednesday,2
2022-02-03,358176,243525.1542662277,0.6443109539893688,34128.56104275524,191034.4855084366,114650.8457337723,167141.5144915634,Thursday,3
2022-02-04,359679,242865.58577220634,0.7981081647658971,18097.067956222112,211930.07490167225,116813.41422779366,147748.92509832775,Friday,4
2022-02-05,319698,242177.0889393001,0.8219377617864465,13312.833317176051,212367.32775590158,77520.9110606999,107330.67224409842,Saturday,5
2022-02-06,311018,241460.04423404348,0.9112244085862401,4263.178842032733,224287.4648464064,69557.95576595652,86730.5351535936,Sunday,6
2022-02-07,288228,240714.83212297037,0.9815199858123785,483.6343933476508,236750.05300351462,47513.16787702963,51477.94699648538,Monday,0
2022-02-08,336236,239941.83307261494,1.0777615834087046,-5124.133766221823,253475.95617210676,96294.16692738506,82760.04382789324,Tuesday,1
2022-02-09,305372,239141.42754951137,1.765137141650964,-65161.14178531197,356956.27408976364,66230.57245048863,-51584.27408976364,Wednesday,2
2022-02-10,304830,238313.99602019368,0.6443109539893688,34128.56104275524,187676.87916754486,66516.00397980632,117153.12083245514,Thursday,3
2022-02-11,278826,237459.91895119613,0.7981081647658971,18097.067956222112,207615.7680758199,41366.08104880387,71210.23192418009,Friday,4
2022-02-12,269885,236579.5768090527,0.8219377617864465,13312.833317176051,207766.52116399354,33305.4231909473,62118.478836006456,Saturday,5
2022-02-13,277471,235673.3500602976,0.9112244085862401,4263.178842032733,219014.48787026535,41797.64993970239,58456.51212973465,Sunday,6
2022-02-14,261521,234741.61917146496,0.9815199858123785,483.6343933476508,230887.2251120987,26779.38082853504,30633.774887901294,Monday,0
2022-02-15,287836,233784.76460908883,1.0777615834087046,-5124.133766221823,246840.10431570106,54051.23539091117,40995.89568429894,Tuesday,1
2022-02-16,289721,232803.16683970345,1.765137141650964,-65161.14178531197,345768.3746974147,56917.83316029655,-56047.37469741469,Wednesday,2
2022-02-17,342003,231797.20632984285,0.6443109539893688,34128.56104275524,183478.04018520683,110205.79367015715,158524.95981479317,Thursday,3
2022-02-18,265238,230767.2635460411,0.7981081647658971,18097.067956222112,202274.30515300107,34470.7364539589,62963.69484699893,Friday,4
2022-02-19,282327,229713.71895483244,0.8219377617864465,13312.833317176051,202123.21332655184,52613.28104516756,80203.78667344816,Saturday,5
2022-02-20,273306,228636.95302275097,0.9112244085862401,4263.178842032733,212602.75114114894,44669.04697724903,60703.24885885106,Sunday,6
2022-02-21,278731,227537.34621633077,0.9815199858123785,483.6343933476508,223816.0872233869,51193.65378366923,54914.91277661311,Monday,0
2022-02-22,306356,226415.279002106,1.0777615834087046,-5124.133766221823,238897.5558390116,79940.72099789401,67458.44416098841,Tuesday,1
2022-02-23,277576,225271.13184661078,1.765137141650964,-65161.14178531197,332473.299978892,52304.86815338922,-54897.29997889203,Wednesday,2
2022-02-24,250674,224105.2852163792,0.6443109539893688,34128.56104275524,178522.0511545801,26568.714783620788,72151.94884541989,Thursday,3
2022-02-25,255907,222918.11957794538,0.7981081647658971,18097.067956222112,196009.83926564088,32988.880422054615,59897.16073435912,Friday,4
2022-02-26,248363,221710.0153978435,0.8219377617864465,13312.833317176051,195544.66713891813,26652.984602156503,52818.33286108187,Saturday,5
2022-02-27,250413,220481.3531426076,0.9112244085862401,4263.178842032733,205171.1694636993,29931.646857392392,45241.830536300695,Sunday,6
2022-02-28,251094,219232.5132787719,0.9815199858123785,483.6343933476508,215664.72771633993,31861.48672122811,35429.27228366007,Monday,0
2022-03-01,240137,217963.87627287046,1.0777615834087046,-5124.133766221823,229788.95865152605,22173.12372712954,10348.041348473955,Tuesday,1
2022-03-02,257304,216675.8225914374,1.765137141650964,-65161.14178531197,317301.40036860923,40628.177408562595,-59997.40036860923,Wednesday,2
2022-03-03,240018,215368.7327010069,0.6443109539893688,34128.56104275524,172892.99466882236,24649.2672989931,67125.00533117764,Thursday,3
2022-03-04,203730,214042.987068113,0.7981081647658971,18097.067956222112,188926.52354616442,-10312.987068112998,14803.476453835581,Friday,4
2022-03-05,229895,212698.96615928988,0.8219377617864465,13312.833317176051,188138.14549643392,17196.033840710123,41756.85450356608,Saturday,5
2022-03-06,218595,211337.05044107162,0.9112244085862401,4263.178842032733,196838.65764255862,7257.949558928376,21756.342357441375,Sunday,6
2022-03-07,218595,209957.62037999244,0.9815199858123785,483.6343933476508,206561.2349699186,8637.37962000756,12033.765030081413,Monday,0
2022-03-08,207473,208561.05644258627,1.0777615834087046,-5124.133766221823,219654.9606627322,-1088.0564425862685,-12181.960662732192,Tuesday,1
2022-03-09,201799,207147.73909538743,1.765137141650964,-65161.14178531197,300483.02630097984,-5348.739095387427,-98684.02630097984,Wednesday,2
2022-03-10,208884,205718.04880492997,0.6443109539893688,34128.56104275524,166674.9533210912,3165.9511950700253,42209.04667890881,Thursday,3
2022-03-11,226349,204272.36603774803,0.7981081647658971,18097.067956222112,181128.51112699675,22076.633962251974,45220.488873003254,Friday,4
2022-03-12,192049,202811.07126037567,0.8219377617864465,13312.833317176051,180010.91129444074,-10762.07126037567,12038.088705559261,Saturday,5
2022-03-13,179436,201334.5449393471,0.9112244085862401,4263.178842032733,187724.13048236907,-21898.544939347106,-8288.130482369073,Sunday,6
2022-03-14,185406,199843.16754119637,0.9815199858123785,483.6343933476508,196633.6973630835,-14437.167541196366,-11227.697363083513,Monday,0
2022-03-15,202855,198337.31953245765,1.0777615834087046,-5124.133766221823,208636.20978211795,4517.680467542348,-5781.209782117949,Tuesday,1
2022-03-16,217856,196817.381379665,1.765137141650964,-65161.14178531197,282248.52821041754,21038.618620335008,-64392.52821041754,Wednesday,2
2022-03-17,169071,195283.7335493526,0.6443109539893688,34128.56104275524,159952.0097045443,-26212.73354935259,9118.990295455704,Thursday,3
2022-03-18,179830,193736.75650805453,0.7981081647658971,18097.067956222112,172719.95514056296,-13906.756508054532,7110.044859437039,Friday,4
2022-03-19,156311,192176.83072230502,0.8219377617864465,13312.833317176051,171270.22742828025,-35865.83072230502,-14959.227428280254,Saturday,5
2022-03-20,154987,190604.33665863806,0.9112244085862401,4263.178842032733,177946.5027877728,-35617.33665863806,-22959.5027877728,Sunday,6
2022-03-21,173636,189019.65478358784,0.9815199858123785,483.6343933476508,186010.2032747955,-15383.654783587845,-12374.203274795495,Monday,0
2022-03-22,160161,187423.16556368844,1.0777615834087046,-5124.133766221823,196873.35391917086,-27262.16556368844,-36712.353919170855,Tuesday,1
2022-03-23,156785,185815.24946547404,1.765137141650964,-65161.14178531197,262828.2565313357,-29030.249465474044,-106043.2565313357,Wednesday,2
2022-03-24,169066,184196.28695547872,0.6443109539893688,34128.56104275524,152808.24641233924,-15130.286955478718,16257.753587660758,Thursday,3
2022-03-25,150197,182566.65850023663,0.7981081647658971,18097.067956222112,163805.00871928822,-32369.658500236634,-13608.00871928822,Friday,4
2022-03-26,149507,180926.74456628188,0.8219377617864465,13312.833317176051,162023.3567932939,-31419.74456628188,-12516.356793293904,Saturday,5
2022-03-27,165468,179276.92562014857,0.9112244085862401,4263.178842032733,167624.68936341198,-13808.92562014857,-2156.689363411977,Sunday,6
2022-03-28,173696,177617.58212837088,0.9815199858123785,483.6343933476508,174818.84108401524,-3921.582128370879,-1122.8410840152355,Monday,0
2022-03-29,149070,175949.09455748287,1.0777615834087046,-5124.133766221823,184507.04098337883,-26879.094557482866,-35437.04098337883,Tuesday,1
2022-03-30,158139,174271.8433740187,1.765137141650964,-65161.14178531197,242452.5616981479,-16132.843374018703,-84313.56169814791,Wednesday,2
2022-03-31,135219,172586.20904451245,0.6443109539893688,34128.56104275524,145327.74603763368,-37367.20904451245,-10108.746037633682,Thursday,3
2022-04-01,144648,170892.57203549834,0.7981081647658971,18097.067956222112,154487.82499559753,-26244.572035498335,-9839.824995597533,Friday,4
2022-04-02,155079,169191.3128135104,0.8219377617864465,13312.833317176051,152377.56228482333,-14112.31281351039,2701.4377151766676,Saturday,5
2022-04-03,124532,167482.8118450828,0.9112244085862401,4263.178842032733,156877.60501392884,-42950.81184508279,-32345.60501392884,Sunday,6
2022-04-04,129651,165767.4495967496,0.9815199858123785,483.6343933476508,163187.6991697035,-36116.44959674959,-33536.6991697035,Monday,0
2022-04-05,121356,164045.60653504496,1.0777615834087046,-5124.133766221823,171677.91888422958,-42689.606535044964,-50321.918884229584,Tuesday,1
2022-04-06,117856,162317.66312650306,1.765137141650964,-65161.14178531197,221351.7941452677,-44461.66312650306,-103495.79414526769,Wednesday,2
2022-04-07,117761,160583.99983765796,0.6443109539893688,34128.56104275524,137594.59117358527,-42822.99983765796,-19833.59117358527,Thursday,3
2022-04-08,141158,158844.99713504376,0.7981081647658971,18097.067956222112,144872.55710191606,-17686.997135043755,-3714.557101916056,Friday,4
2022-04-09,134210,157101.03548519468,0.8219377617864465,13312.833317176051,142440.10679821006,-22891.035485194676,-8230.106798210065,Saturday,5
2022-04-10,126241,155352.49535464472,0.9112244085862401,4263.178842032733,145824.16454396548,-29111.49535464472,-19583.164543965482,Sunday,6
2022-04-11,109828,153599.75720992804,0.9815199858123785,483.6343933476508,151244.865910821,-43771.75720992804,-41416.86591082101,Monday,0
2022-04-12,114907,151843.20151757885,1.0777615834087046,-5124.133766221823,158526.635531211,-36936.201517578855,-43619.63553121101,Tuesday,1
2022-04-13,123255,150083.20874413115,1.765137141650964,-65161.14178531197,199756.30430710863,-26828.208744131145,-76501.30430710863,Wednesday,2
2022-04-14,113448,148320.15935611914,0.6443109539893688,34128.56104275524,129692.86441335155,-34872.15935611914,-16244.864413351548,Thursday,3
2022-04-15,129991,146554.43382007696,0.7981081647658971,18097.067956222112,135063.35817066886,-16563.433820076956,-5072.3581706688565,Friday,4
2022-04-16,107987,144786.41260253865,0.8219377617864465,13312.833317176051,132318.25322879563,-36799.41260253865,-24331.253228795627,Saturday,5
2022-04-17,106681,143016.47617003837,0.9112244085862401,4263.178842032733,134583.28275816404,-36335.47617003837,-27902.282758164045,Sunday,6
2022-04-18,112383,141245.0049891103,0.9815199858123785,483.6343933476508,139118.42968632854,-28862.00498911031,-26735.42968632854,Monday,0
2022-04-19,108899,139472.37952628854,1.0777615834087046,-5124.133766221823,145193.83883381073,-30573.37952628854,-36294.83883381073,Tuesday,1
2022-04-20,102007,137698.98024810708,1.765137141650964,-65161.14178531197,177896.44261808431,-35691.98024810708,-75889.44261808431,Wednesday,2
2022-04-21,97955,135925.18762110022,0.6443109539893688,34128.56104275524,121706.64835009025,-37970.18762110022,-23751.648350090254,Thursday,3
2022-04-22,119232,134151.382111802,0.7981081647658971,18097.067956222112,125164.381334281,-14919.382111801999,-5932.381334281003,Friday,4
2022-04-23,95562,132377.94418674655,0.8219377617864465,13312.833317176051,122119.26447192165,-36815.94418674655,-26557.264471921648,Saturday,5
2022-04-24,97452,130605.254312468,0.9112244085862401,4263.178842032733,123273.87446116687,-33153.254312467994,-25821.874461166866,Sunday,6
2022-04-25,91548,128833.69295550043,0.9815199858123785,483.6343933476508,126936.47887518676,-37285.69295550043,-35388.47887518676,Monday,0
2022-04-26,103153,127063.64058237804,1.0777615834087046,-5124.133766221823,131820.1767015165,-23910.640582378037,-28667.176701516495,Tuesday,1
2022-04-27,98967,125295.47765963495,1.765137141650964,-65161.14178531197,156002.55951260828,-26328.477659634955,-57035.55951260828,Wednesday,2
2022-04-28,88974,123529.58465380517,0.6443109539893688,34128.56104275524,113720.02557695893,-34555.58465380517,-24746.025576958928,Thursday,3
2022-04-29,106652,121766.34203142294,0.7981081647658971,18097.067956222112,115279.77972517759,-15114.342031422944,-8627.779725177592,Friday,4
2022-04-30,77991,120006.13025902238,0.8219377617864465,13312.833317176051,111950.40342292965,-42015.13025902238,-33959.40342292965,Saturday,5
2022-05-01,77658,118249.32980313753,0.9112244085862401,4263.178842032733,112014.85445761599,-40591.32980313753,-34356.85445761599,Sunday,6
2022-05-02,95643,116496.32113030256,0.9815199858123785,483.6343933476508,114827.1018563565,-20853.32113030256,-19184.1018563565,Monday,0
2022-05-03,85817,114747.48470705161,1.0777615834087046,-5124.133766221823,118546.29704381624,-28930.48470705161,-32729.297043816245,Tuesday,1
2022-05-04,107750,113003.20099991874,1.765137141650964,-65161.14178531197,134305.00542509396,-5253.200999918743,-26555.005425093957,Wednesday,2
2022-05-05,85979,111263.85047543814,0.6443109539893688,34128.56104275524,105817.07868711528,-25284.850475438143,-19838.07868711528,Thursday,3
2022-05-06,76292,109529.81360014394,0.7981081647658971,18097.067956222112,105513.70647578378,-33237.81360014394,-29221.70647578378,Friday,4
2022-05-07,74458,107801.47084057017,0.8219377617864465,13312.833317176051,101918.93297716117,-33343.47084057017,-27460.932977161166,Saturday,5
2022-05-08,72518,106079.20266325104,0.9112244085862401,4263.178842032733,100925.13755215357,-33561.20266325104,-28407.137552153567,Sunday,6
2022-05-09,88932,104363.3895347207,0.9815199858123785,483.6343933476508,102918.38700879844,-15431.3895347207,-13986.38700879844,Monday,0
2022-05-10,74412,102654.41192151314,1.0777615834087046,-5124.133766221823,105512.84777019758,-28242.411921513136,-31100.84777019758,Tuesday,1
2022-05-11,79446,100952.65029016261,1.765137141650964,-65161.14178531197,113034.130789955,-21506.650290162608,-33588.130789955,Wednesday,2
2022-05-12,75673,99258.48510720317,0.6443109539893688,34128.56104275524,98081.89027371687,-23585.485107203174,-22408.89027371687,Thursday,3
2022-05-13,77585,97572.29683916895,0.7981081647658971,18097.067956222112,95970.31471852458,-19987.29683916895,-18385.314718524576,Friday,4
2022-05-14,73225,95894.4659525941,0.8219377617864465,13312.833317176051,92132.11602995783,-22669.465952594095,-18907.116029957833,Saturday,5
2022-05-15,67115,94225.37291401268,0.9112244085862401,4263.178842032733,90123.63854942187,-27110.37291401268,-23008.63854942187,Sunday,6
2022-05-16,68349,92565.39818995891,0.9815199858123785,483.6343933476508,91338.4227114733,-24216.398189958913,-22989.422711473293,Monday,0
2022-05-17,70722,90914.92224696683,1.0777615834087046,-5124.133766221823,92860.47679014842,-20192.92224696683,-22138.476790148416,Tuesday,1
2022-05-18,73933,89274.32555157063,1.765137141650964,-65161.14178531197,92420.28604160502,-15341.325551570626,-18487.286041605024,Wednesday,2
2022-05-19,70920,87643.98857030433,0.6443109539893688,34128.56104275524,90598.54292992136,-16723.988570304326,-19678.542929921357,Thursday,3
2022-05-20,69884,86024.29176970213,0.7981081647658971,18097.067956222112,86753.75758582514,-16140.291769702133,-16869.757585825137,Friday,4
2022-05-21,66814,84415.61561629815,0.8219377617864465,13312.833317176051,82697.21547666115,-17601.61561629815,-15883.21547666115,Saturday,5
2022-05-22,67909,82818.34057662649,0.9112244085862401,4263.178842032733,79729.27225406302,-14909.340576626491,-11820.27225406302,Sunday,6
2022-05-23,66431,81232.8471172213,0.9815199858123785,483.6343933476508,80215.29734334181,-14801.847117221303,-13784.297343341808,Monday,0
2022-05-24,63380,79659.51570461667,1.0777615834087046,-5124.133766221823,80729.83201315641,-16279.515704616671,-17349.83201315641,Tuesday,1
2022-05-25,62723,78098.72680534679,1.765137141650964,-65161.14178531197,72693.82161445738,-15375.726805346785,-9970.821614457382,Wednesday,2
2022-05-26,63188,76550.86088594567,0.6443109539893688,34128.56104275524,83451.11924888636,-13362.860885945673,-20263.11924888636,Thursday,3
2022-05-27,63846,75016.29841294752,0.7981081647658971,18097.067956222112,77968.18821011053,-11170.298412947523,-14122.18821011053,Friday,4
2022-05-28,60069,73495.41985288644,0.8219377617864465,13312.833317176051,73721.4942126127,-13426.419852886436,-13652.494212612699,Saturday,5
2022-05-29,56839,71988.60567229653,0.9112244085862401,4263.178842032733,69860.95347071919,-15149.60567229653,-13021.953470719192,Sunday,6
2022-05-30,60969,70496.23633771196,0.9815199858123785,483.6343933476508,69677.09928336478,-9527.236337711962,-8708.099283364776,Monday,0
2022-05-31,62768,69018.6923156668,1.0777615834087046,-5124.133766221823,69261.56134870942,-6250.692315666805,-6493.561348709423,Tuesday,1
2022-06-01,63241,67556.3540726952,1.765137141650964,-65161.14178531197,54085.08794292571,-4315.354072695205,9155.912057074289,Wednesday,2
2022-06-02,61278,66109.6020753313,0.6443109539893688,34128.56104275524,76723.70182376952,-4831.602075331306,-15445.701823769516,Thursday,3
2022-06-03,65431,64678.816790109195,0.7981081647658971,18097.067956222112,69717.75972380585,752.1832098908053,-4286.7597238058515,Friday,4
2022-06-04,58263,63264.37868356301,0.8219377617864465,13312.833317176051,65312.21513315401,-5001.378683563009,-7049.215133154008,Saturday,5
2022-06-05,56738,61866.66822222687,0.9112244085862401,4263.178842032733,60637.59700403255,-5128.668222226872,-3899.5970040325483,Sunday,6
2022-06-06,58478,60486.06587263492,0.9815199858123785,483.6343933476508,59851.91691050288,-2008.065872634921,-1373.9169105028777,Monday,0
2022-06-07,58991,59122.95210132126,1.0777615834087046,-5124.133766221823,58596.31270629518,-131.95210132125794,394.6872937048174,Tuesday,1
2022-06-08,61026,57777.707374819984,1.765137141650964,-65161.14178531197,36824.4354614236,3248.2926251800163,24201.5645385764,Wednesday,2
2022-06-09,60020,56450.71215966528,0.6443109539893688,34128.56104275524,70500.37324772844,3569.2878403347204,-10480.373247728436,Thursday,3
2022-06-10,55376,55142.3469223912,0.7981081647658971,18097.067956222112,62106.62525933617,233.6530776087966,-6730.625259336171,Friday,4
2022-06-11,51958,53852.992129531944,0.8219377617864465,13312.833317176051,57576.64113362666,-1894.9921295319436,-5618.641133626661,Saturday,5
2022-06-12,56684,52583.02824762161,0.9112244085862401,4263.178842032733,52178.11765864529,4100.971752378391,4505.882341354707,Sunday,6
2022-06-13,53802,51332.835743194264,0.9815199858123785,483.6343933476508,50867.838603716846,2469.164256805736,2934.1613962831543,Monday,0
2022-06-14,59968,50102.79508278408,1.0777615834087046,-5124.133766221823,48874.73399540142,9865.204917215917,11093.266004598583,Tuesday,1
2022-06-15,55989,48893.286732925175,1.765137141650964,-65161.14178531197,21142.21460436457,7095.713267074825,34846.78539563543,Wednesday,2
2022-06-16,53430,47704.69116015166,0.6443109539893688,34128.56104275524,64865.21611392076,5725.308839848338,-11435.21611392076,Thursday,3
2022-06-17,54665,46537.388830997676,0.7981081647658971,18097.067956222112,55238.93794912662,8127.6111690023245,-573.9379491266227,Friday,4
2022-06-18,47205,45391.760211997345,0.8219377617864465,13312.833317176051,50622.03510937223,1813.2397880026547,-3417.0351093722275,Saturday,5
2022-06-19,55359,44268.185769684766,0.9112244085862401,4263.178842032733,44601.430239199544,11090.814230315234,10757.569760800456,Sunday,6
2022-06-20,50484,43167.045970594074,0.9815199858123785,483.6343933476508,42852.95274196744,7316.954029405926,7631.047258032559,Monday,0
2022-06-21,53342,42088.7212812594,1.0777615834087046,-5124.133766221823,40237.47312551596,11253.2787187406,13104.526874484043,Tuesday,1
2022-06-22,47645,41033.59216821485,1.765137141650964,-65161.14178531197,7268.775806162164,6611.407831785153,40376.224193837836,Wednesday,2
2022-06-23,53111,40002.03909799457,0.6443109539893688,34128.56104275524,59902.31301550415,13108.960902005427,-6791.313015504151,Thursday,3
2022-06-24,50617,38994.44253713265,0.7981081647658971,18097.067956222112,49218.85092560228,11622.55746286735,1398.1490743977192,Friday,4
2022-06-25,46089,38011.182952163246,0.8219377617864465,13312.833317176051,44555.65995573224,8077.817047836754,1533.3400442677594,Saturday,5
2022-06-26,50450,37052.64080962047,0.9112244085862401,4263.178842032733,38026.44955033753,13397.359190379531,12423.55044966247,Sunday,6
2022-06-27,47986,36119.196576038434,0.9815199858123785,483.6343933476508,35935.347704215405,11866.803423961566,12050.652295784595,Monday,0
2022-06-28,47312,35211.23071795125,1.0777615834087046,-5124.133766221823,32825.17800612654,12100.76928204875,14486.821993873462,Tuesday,1
2022-06-29,45645,34329.12370189306,1.765137141650964,-65161.14178531197,-4565.530498770087,11315.876298106938,50210.53049877009,Wednesday,2
2022-06-30,44212,33473.25599439802,0.6443109539893688,34128.56104275524,55695.74654563618,10738.744005601977,-11483.746545636182,Thursday,3
2022-07-01,47248,32644.008062000194,0.7981081647658971,18097.067956222112,44150.517321188236,14603.991937999806,3097.4826788117643,Friday,4
2022-07-02,41765,31841.76037123374,0.8219377617864465,13312.833317176051,39484.778568048285,9923.23962876626,2280.221431951715,Saturday,5
2022-07-03,40486,31066.893388632758,0.9112244085862401,4263.178842032733,32572.09039670139,9419.106611367242,7913.909603298609,Sunday,6
2022-07-04,42645,30319.787580731387,0.9815199858123785,483.6343933476508,30243.11186942145,12325.212419268613,12401.88813057855,Monday,0
2022-07-05,44578,29600.823414063736,1.0777615834087046,-5124.133766221823,26778.49654672097,14977.176585936264,17799.50345327903,Tuesday,1
2022-07-06,47344,28910.254308861677,1.765137141650964,-65161.14178531197,-14130.578130165406,18433.745691138323,61474.578130165406,Wednesday,2
2022-07-07,43407,28247.82550014801,0.6443109539893688,34128.56104275524,52328.94443888082,15159.17449985199,-8921.944438880819,Thursday,3
2022-07-08,42806,27613.155176643268,0.7981081647658971,18097.067956222112,40135.3525576488,15192.844823356732,2670.6474423511972,Friday,4
2022-07-09,47094,27005.86152706801,0.8219377617864465,13312.833317176051,35509.970695849035,20088.13847293199,11584.029304150965,Saturday,5
2022-07-10,41785,26425.562740142756,0.9112244085862401,4263.178842032733,28342.796621477897,15359.437259857244,13442.203378522103,Sunday,6
2022-07-11,40545,25871.877004588052,0.9815199858123785,483.6343933476508,25877.398743830516,14673.122995411948,14667.601256169484,Monday,0
2022-07-12,46910,25344.42250912444,1.0777615834087046,-5124.133766221823,22191.11116779135,21565.57749087556,24718.88883220865,Tuesday,1
2022-07-13,46246,24842.81744247247,1.765137141650964,-65161.14178531197,-21310.1620143494,21403.18255752753,67556.1620143494,Wednesday,2
2022-07-14,40549,24366.67999335266,0.6443109539893688,34128.56104275524,49828.27987482596,16182.32000664734,-9279.27987482596,Thursday,3
2022-07-15,39234,23915.628350485567,0.7981081647658971,18097.067956222112,37184.32620825141,15318.371649514433,2049.673791748588,Friday,4
2022-07-16,38769,23489.28070259173,0.8219377617864465,13312.833317176051,32619.560123837866,15279.719297408272,6149.439876162134,Saturday,5
2022-07-17,39611,23087.255238391677,0.9112244085862401,4263.178842032733,25300.84934251576,16523.744761608323,14310.150657484239,Sunday,6
2022-07-18,42574,22709.170146605964,0.9815199858123785,483.6343933476508,22773.138753455227,19864.829853394036,19800.861246544773,Monday,0
2022-07-19,39667,22354.643615955123,1.0777615834087046,-5124.133766221823,18968.842333847264,17312.356384044877,20698.157666152736,Tuesday,1
2022-07-20,42237,22023.293835159708,1.765137141650964,-65161.14178531197,-26287.00785537887,20213.706164840292,68524.00785537888,Wednesday,2
2022-07-21,39086,21714.738992940212,0.6443109539893688,34128.56104275524,48119.60523892669,17371.261007059788,-9033.605238926692,Thursday,3
2022-07-22,43099,21428.597278017245,0.7981081647658971,18097.067956222112,35199.406403287954,21670.402721982755,7899.593596712046,Friday,4
2022-07-23,36769,21164.486879111297,0.8219377617864465,13312.833317176051,30708.724291951403,15604.513120888703,6060.275708048597,Saturday,5
2022-07-24,39813,20922.02598494292,0.9112244085862401,4263.178842032733,23327.839596588292,18890.97401505708,16485.160403411708,Sunday,6
2022-07-25,39228,20700.832784232665,0.9815199858123785,483.6343933476508,20801.915494032117,18527.167215767335,18426.084505967883,Monday,0
2022-07-26,39171,20500.52546570107,1.0777615834087046,-5124.133766221823,16970.545020402635,18670.47453429893,22200.454979597365,Tuesday,1
2022-07-27,38384,20320.72221806867,1.765137141650964,-65161.14178531197,-29292.280253027006,18063.27778193133,67676.28025302701,Wednesday,2
2022-07-28,40650,20161.041230055995,0.6443109539893688,34128.56104275524,47118.540751111614,20488.958769944005,-6468.540751111614,Thursday,3
2022-07-29,37791,20021.100690383584,0.7981081647658971,18097.067956222112,34076.071884817386,17769.899309616416,3714.9281151826144,Friday,4
2022-07-30,37353,19900.518787772,0.8219377617864465,13312.833317176051,29669.821187986498,17452.481212228,7683.1788120135025,Saturday,5
2022-07-31,39250,19798.91371094178,0.9112244085862401,4263.178842032733,22304.432278935656,19451.08628905822,16945.567721064344,Sunday,6
2022-08-01,36662,19715.90364861344,0.9815199858123785,483.6343933476508,19835.187862812934,16946.09635138656,16826.812137187066,Monday,0
2022-08-02,34909,19651.106789507558,1.0777615834087046,-5124.133766221823,16055.07420297139,15257.893210492442,18853.925797028613,Tuesday,1
2022-08-03,38381,19604.14132234463,1.765137141650964,-65161.14178531197,-30557.14380706702,18776.85867765537,68938.14380706701,Wednesday,2
2022-08-04,37229,19574.62543584523,0.6443109539893688,34128.56104275524,46740.706631309244,17654.37456415477,-9511.706631309244,Thursday,3
2022-08-05,37350,19562.17731872988,0.7981081647658971,18097.067956222112,33709.80139489868,17787.82268127012,3640.1986051013228,Friday,4
2022-08-06,38841,19566.41515971913,0.8219377617864465,13312.833317176051,29395.20879973999,19274.58484028087,9445.79120026001,Saturday,5
2022-08-07,36223,19586.957147533514,0.9112244085862401,4263.178842032733,22111.292284797986,16636.042852466486,14111.707715202014,Sunday,6
2022-08-08,35516,19623.42147089358,0.9815199858123785,483.6343933476508,19744.41475704944,15892.57852910642,15771.585242950561,Monday,0
2022-08-09,36223,19675.426318519865,1.0777615834087046,-5124.133766221823,16081.284857067449,16547.573681480135,20141.715142932553,Tuesday,1
2022-08-10,37654,19742.5898791329,1.765137141650964,-65161.14178531197,-30312.763117272072,17911.4101208671,67966.76311727207,Wednesday,2
2022-08-11,37301,19824.53034145323,0.6443109539893688,34128.56104275524,46901.72309944816,17476.46965854677,-9600.723099448158,Thursday,3
2022-08-12,34198,19920.86589420141,0.7981081647658971,18097.067956222112,33996.07367559076,14277.134105798588,201.92632440924353,Friday,4
2022-08-13,35276,20031.21472609796,0.8219377617864465,13312.833317176051,29777.245115008714,15244.785273902042,5498.7548849912855,Saturday,5
2022-08-14,31652,20155.195025863435,0.9112244085862401,4263.178842032733,22629.08450941547,11496.804974136565,9022.915490584532,Sunday,6
2022-08-15,35376,20292.424982218356,0.9815199858123785,483.6343933476508,20401.055073993364,15083.575017781644,14974.944926006636,Monday,0
2022-08-16,35105,20442.52278388328,1.0777615834087046,-5124.133766221823,16908.031958204745,14662.47721611672,18196.968041795255,Tuesday,1
2022-08-17,35815,20605.106619578743,1.765137141650964,-65161.14178531197,-28790.30278341539,15209.893380421257,64605.30278341539,Wednesday,2
2022-08-18,34938,20779.79467802529,0.6443109539893688,34128.56104275524,47517.210375456925,14158.20532197471,-12579.210375456925,Thursday,3
2022-08-19,33965,20966.205147943456,0.7981081647658971,18097.067956222112,34830.367468952565,12998.794852056544,-865.3674689525651,Friday,4
2022-08-20,38245,21163.956218053776,0.8219377617864465,13312.833317176051,30708.288121589518,17081.043781946224,7536.711878410482,Saturday,5
2022-08-21,35617,21372.666077076792,0.9112244085862401,4263.178842032733,23738.47384802823,14244.333922923208,11878.526151971771,Sunday,6
2022-08-22,35888,21591.952913733057,0.9815199858123785,483.6343933476508,21676.567710896466,14296.047086266943,14211.432289103534,Monday,0
2022-08-23,33549,21821.434916743103,1.0777615834087046,-5124.133766221823,18394.17048189722,11727.565083256897,15154.829518102779,Tuesday,1
2022-08-24,33700,22060.73027482746,1.765137141650964,-65161.14178531197,-26220.927405270144,11639.26972517254,59920.927405270144,Wednesday,2
2022-08-25,36737,22309.45717670668,0.6443109539893688,34128.56104275524,48502.78867926409,14427.542823293319,-11765.788679264093,Thursday,3
2022-08-26,34716,22567.233811101305,0.7981081647658971,18097.067956222112,36108.161517043074,12148.766188898695,-1392.1615170430741,Friday,4
2022-08-27,31241,22833.678366731856,0.8219377617864465,13312.833317176051,32080.695807279233,8407.321633268144,-839.6958072792331,Saturday,5
2022-08-28,30214,23108.409032318905,0.9112244085862401,4263.178842032733,25320.125195876455,7105.590967681095,4893.874804123545,Sunday,6
2022-08-29,34281,23391.043996582965,0.9815199858123785,483.6343933476508,23442.411565010483,10889.956003417035,10838.588434989517,Monday,0
2022-08-30,33660,23681.201448244592,1.0777615834087046,-5124.133766221823,20398.55540365878,9978.798551755408,13261.444596341222,Tuesday,1
2022-08-31,35343,23978.499576024322,1.765137141650964,-65161.14178531197,-22835.801582609543,11364.500423975678,58178.80158260954,Wednesday,2
2022-09-01,31903,24282.556568642685,0.6443109539893688,34128.56104275524,49774.07823079822,7620.443431357315,-17871.078230798223,Thursday,3
2022-09-02,35724,24592.99061482023,0.7981081647658971,18097.067956222112,37724.93456192122,11131.009385179768,-2000.9345619212181,Friday,4
2022-09-03,31191,24909.419903277503,0.8219377617864465,13312.833317176051,33786.82615987473,6281.580096722497,-2595.8261598747267,Saturday,5
2022-09-04,32018,25231.462622735035,0.9112244085862401,4263.178842032733,27254.703448200285,6786.5373772649655,4763.2965517997145,Sunday,6
2022-09-05,32733,25558.73696191337,0.9815199858123785,483.6343933476508,25570.045533587177,7174.2630380866285,7162.9544664128225,Monday,0
2022-09-06,32734,25890.86110953304,1.0777615834087046,-5124.133766221823,22780.041699003363,6843.138890466958,9953.958300996637,Tuesday,1
2022-09-07,30992,26227.453254314616,1.765137141650964,-65161.14178531197,-18866.089915206794,4764.546745685384,49858.089915206794,Wednesday,2
2022-09-08,31962,26568.13158497859,0.6443109539893688,34128.56104275524,51246.69924998787,5393.86841502141,-19284.69924998787,Thursday,3
2022-09-09,32172,26912.514290245534,0.7981081647658971,18097.067956222112,39576.16534564595,5259.485709754466,-7404.1653456459535,Friday,4
2022-09-10,29237,27260.219558835972,0.8219377617864465,13312.833317176051,35719.0371671728,1976.7804411640282,-6482.037167172799,Saturday,5
2022-09-11,27887,27610.865579470465,0.9112244085862401,4263.178842032733,29422.87350023988,276.1344205295354,-1535.873500239879,Sunday,6
2022-09-12,29147,27964.070540869554,0.9815199858123785,483.6343933476508,27930.928513878287,1182.929459130446,1216.071486121713,Monday,0
2022-09-13,29497,28319.452631753742,1.0777615834087046,-5124.133766221823,25397.4843434449,1177.547368246258,4099.515656555101,Tuesday,1
2022-09-14,32142,28676.630040843604,1.765137141650964,-65161.14178531197,-14542.957002835123,3465.3699591563964,46684.95700283512,Wednesday,2
2022-09-15,33344,29035.220956859677,0.6443109539893688,34128.56104275524,52836.271956761615,4308.779043140323,-19492.271956761615,Thursday,3
2022-09-16,37309,29394.84356852248,0.7981081647658971,18097.067956222112,41557.33261027622,7914.1564314775205,-4248.332610276222,Friday,4
2022-09-17,33418,29755.116064552578,0.8219377617864465,13312.833317176051,37769.68681697034,3662.883935447422,-4351.6868169703375,Saturday,5
2022-09-18,33102,30115.656633670504,0.9112244085862401,4263.178842032733,31705.300247235416,2986.3433663294963,1396.6997527645835,Sunday,6
2022-09-19,35050,30476.083464596784,0.9815199858123785,483.6343933476508,30396.51940313555,4573.916535403216,4653.4805968644505,Monday,0
2022-09-20,31277,30836.01474605198,1.0777615834087046,-5124.133766221823,28109.738312497328,440.9852539480198,3167.2616875026724,Tuesday,1
2022-09-21,31976,31195.06866675661,1.765137141650964,-65161.14178531197,-10097.567445267654,780.9313332433885,42073.567445267654,Wednesday,2
2022-09-22,34455,31552.863415431235,0.6443109539893688,34128.56104275524,54458.41657104799,2902.136584568765,-20003.416571047987,Thursday,3
2022-09-23,31509,31909.017180796378,0.7981081647658971,18097.067956222112,43563.91509787099,-400.01718079637794,-12054.915097870988,Friday,4
2022-09-24,32777,32263.14815157259,0.8219377617864465,13312.833317176051,39831.13309706416,513.85184842741,-7054.1330970641575,Saturday,5
2022-09-25,28994,32614.8745164804,0.9112244085862401,4263.178842032733,33982.64858442702,-3620.8745164803986,-4988.648584427021,Sunday,6
2022-09-26,31706,32963.81446424037,0.9815199858123785,483.6343933476508,32838.277098610735,-1257.8144642403713,-1132.2770986107353,Monday,0
2022-09-27,30985,33309.58618357302,1.0777615834087046,-5124.133766221823,30775.658581674543,-2324.5861835730175,209.3414183254572,Tuesday,1
2022-09-28,31355,33651.8078631989,1.765137141650964,-65161.14178531197,-5761.085842277636,-2296.8078631988974,37116.08584227764,Wednesday,2
2022-09-29,30477,33990.09769183854,0.6443109539893688,34128.56104275524,56028.753312775574,-3513.0976918385422,-25551.753312775574,Thursday,3
2022-09-30,31223,34324.07385821249,0.7981081647658971,18097.067956222112,45491.39155048919,-3101.0738582124904,-14268.391550489192,Friday,4
2022-10-01,28202,34653.35455104128,0.8219377617864465,13312.833317176051,41795.73399525109,-6451.3545510412805,-13593.733995251088,Saturday,5
2022-10-02,30088,34977.55795904548,0.9112244085862401,4263.178842032733,36135.58340705489,-4889.55795904548,-6047.583407054888,Sunday,6
2022-10-03,32288,35296.302270945576,0.9815199858123785,483.6343933476508,35127.66049755558,-3008.3022709455763,-2839.660497555582,Monday,0
2022-10-04,32014,35609.20567546216,1.0777615834087046,-5124.133766221823,33254.100126490506,-3595.205675462159,-1240.1001264905062,Tuesday,1
2022-10-05,30935,35915.886361315745,1.765137141650964,-65161.14178531197,-1764.676793638253,-4980.886361315745,32699.676793638253,Wednesday,2
2022-10-06,32522,36215.96251722688,0.6443109539893688,34128.56104275524,57462.90240187291,-3693.962517226879,-24940.90240187291,Thursday,3
2022-10-07,29026,36509.0523319161,0.7981081647658971,18097.067956222112,47235.24071018977,-7483.0523319161,-18209.24071018977,Friday,4
2022-10-08,26905,36794.773994103954,0.8219377617864465,13312.833317176051,43555.847499328,-9889.773994103954,-16650.847499328003,Saturday,5
2022-10-09,28408,37072.74569251097,0.9112244085862401,4263.178842032733,38044.76961035913,-8664.745692510973,-9636.76961035913,Sunday,6
2022-10-10,26878,37342.58561585771,0.9815199858123785,483.6343933476508,37136.12849722184,-10464.585615857708,-10258.128497221842,Monday,0
2022-10-11,28575,37603.91195286468,1.0777615834087046,-5124.133766221823,35403.91792245913,-9028.911952864677,-6828.917922459128,Tuesday,1
2022-10-12,29151,37856.34289225244,1.765137141650964,-65161.14178531197,1660.4951008772841,-8705.34289225244,27490.504899122716,Wednesday,2
2022-10-13,27197,38099.49662274154,0.6443109539893688,34128.56104275524,58676.48405826857,-10902.496622741543,-31479.484058268572,Thursday,3
2022-10-14,28906,38332.99133305251,0.7981081647658971,18097.067956222112,48690.941319031685,-9426.991333052509,-19784.941319031685,Friday,4
2022-10-15,30403,38556.44521190588,0.8219377617864465,13312.833317176051,45003.83159709172,-8153.445211905877,-14600.831597091717,Saturday,5
2022-10-16,30459,38769.4764480222,0.9112244085862401,4263.178842032733,39590.87208957993,-8310.4764480222,-9131.872089579927,Sunday,6
2022-10-17,31269,38971.70323012201,0.9815199858123785,483.6343933476508,38735.13999486124,-7702.70323012201,-7466.139994861238,Monday,0
2022-10-18,28612,39162.743746925866,1.0777615834087046,-5124.133766221823,37083.96694509435,-10550.743746925866,-8471.966945094347,Tuesday,1
2022-10-19,28322,39342.21618715428,1.765137141650964,-65161.14178531197,4283.265241495821,-11020.216187154278,24038.73475850418,Wednesday,2
2022-10-20,28741,39509.738739527806,0.6443109539893688,34128.56104275524,59585.11850189112,-10768.738739527806,-30844.11850189112,Thursday,3
2022-10-21,28637,39664.92959276697,0.7981081647658971,18097.067956222112,49753.97211907388,-11027.929592766966,-21116.97211907388,Friday,4
2022-10-22,29084,39807.406935592335,0.8219377617864465,13312.833317176051,46032.04427633908,-10723.406935592335,-16948.044276339082,Saturday,5
2022-10-23,29279,39936.78895672444,0.9112244085862401,4263.178842032733,40654.55573995745,-10657.788956724442,-11375.555739957454,Sunday,6
2022-10-24,28947,40052.69384488382,0.9815199858123785,483.6343933476508,39796.15388772556,-11105.69384488382,-10849.153887725559,Monday,0
2022-10-25,28953,40154.73978879099,1.0777615834087046,-5124.133766221823,38153.10216991007,-11201.73978879099,-9200.102169910067,Tuesday,1
2022-10-26,30063,40242.54497716653,1.765137141650964,-65161.14178531197,5872.469028444124,-10179.54497716653,24190.530971555876,Wednesday,2
2022-10-27,27609,40315.727598730955,0.6443109539893688,34128.56104275524,60104.4259526691,-12706.727598730955,-32495.425952669102,Thursday,3
2022-10-28,27905,40373.905842204804,0.7981081647658971,18097.067956222112,50319.81185237532,-12468.905842204804,-22414.811852375322,Friday,4
2022-10-29,25156,40416.69789630864,0.8219377617864465,13312.833317176051,46532.843524866956,-15260.697896308637,-21376.843524866956,Saturday,5
2022-10-30,24672,40443.72194976297,0.9112244085862401,4263.178842032733,41116.48545673183,-15771.72194976297,-16444.485456731833,Sunday,6
2022-10-31,26498,40454.596191288365,0.9815199858123785,483.6343933476508,40190.62907306651,-13956.596191288365,-13692.629073066513,Monday,0
2022-11-01,27502,40448.93880960535,1.0777615834087046,-5124.133766221823,38470.17857242025,-12946.938809605352,-10968.17857242025,Tuesday,1
2022-11-02,27670,40426.36799343448,1.765137141650964,-65161.14178531197,6196.941861948981,-12756.367993434476,21473.05813805102,Wednesday,2
2022-11-03,29554,40386.50193149626,0.6443109539893688,34128.56104275524,60150.02663053108,-10832.501931496263,-30596.02663053108,Thursday,3
2022-11-04,27330,40328.958812511264,0.7981081647658971,18097.067956222112,50283.93926099493,-12998.958812511264,-22953.93926099493,Friday,4
2022-11-05,29743,40253.35682520003,0.8219377617864465,13312.833317176051,46398.587330472146,-10510.356825200033,-16655.587330472146,Saturday,5
2022-11-06,31068,40159.31415828309,0.9112244085862401,4263.178842032733,40857.32613514326,-9091.314158283087,-9789.32613514326,Sunday,6
2022-11-07,26096,40046.44900048097,0.9815199858123785,483.6343933476508,39790.024448135875,-13950.44900048097,-13694.024448135875,Monday,0
2022-11-08,27213,39914.379540514245,1.0777615834087046,-5124.133766221823,37894.05112813882,-12701.379540514245,-10681.051128138817,Tuesday,1
2022-11-09,28984,39762.7239671034,1.765137141650964,-65161.14178531197,5025.519142237194,-10778.723967103397,23958.480857762806,Wednesday,2
2022-11-10,27467,39591.10046896904,0.6443109539893688,34128.56104275524,59637.54075540563,-12124.100468969038,-32170.54075540563,Thursday,3
2022-11-11,25993,39399.12723483166,0.7981081647658971,18097.067956222112,49541.83308699168,-13406.127234831663,-23548.833086991683,Friday,4
2022-11-12,24660,39186.42245341182,0.8219377617864465,13312.833317176051,45521.63368095151,-14526.422453411818,-20861.633680951512,Saturday,5
2022-11-13,25085,38952.604313430056,0.9112244085862401,4263.178842032733,39757.742670431864,-13867.604313430056,-14672.742670431864,Sunday,6
2022-11-14,26536,38697.29100360691,0.9815199858123785,483.6343933476508,38465.79891018539,-12161.291003606908,-11929.79891018539,Monday,0
2022-11-15,27475,38420.10071266292,1.0777615834087046,-5124.133766221823,36283.57481257967,-10945.10071266292,-8808.574812579667,Tuesday,1
2022-11-16,25576,38120.65162931861,1.765137141650964,-65161.14178531197,2127.036269535638,-12544.651629318607,23448.963730464362,Wednesday,2
2022-11-17,27465,37798.56194229455,0.6443109539893688,34128.56104275524,58482.58854722129,-10333.561942294553,-31017.58854722129,Thursday,3
2022-11-18,29208,37453.44984031127,0.7981081647658971,18097.067956222112,47988.97207242451,-8245.449840311267,-18780.972072424513,Friday,4
2022-11-19,24749,37084.933512089294,0.8219377617864465,13312.833317176051,43794.340564101905,-12335.933512089294,-19045.340564101905,Saturday,5
2022-11-20,24991,36692.63114634919,0.9112244085862401,4263.178842032733,37698.39995783783,-11701.631146349187,-12707.399957837828,Sunday,6
2022-11-21,24288,36276.160931811464,0.9815199858123785,483.6343933476508,36089.4113564668,-11988.160931811464,-11801.4113564668,Monday,0
2022-11-22,27437,35835.14105719667,1.0777615834087046,-5124.133766221823,33497.604601256746,-8398.14105719667,-6060.604601256746,Tuesday,1
2022-11-23,26663,35369.18971122537,1.765137141650964,-65161.14178531197,-2729.6713559289346,-8706.189711225372,29392.671355928935,Wednesday,2
2022-11-24,27705,34877.92508261808,0.6443109539893688,34128.56104275524,56600.79022590663,-7172.92508261808,-28895.790225906632,Thursday,3
2022-11-25,24197,34360.96536009534,0.7981081647658971,18097.067956222112,45520.83495935236,-10163.965360095339,-21323.83495935236,Friday,4
2022-11-26,26381,33817.92873237772,0.8219377617864465,13312.833317176051,41109.065967720155,-7436.928732377717,-14728.065967720155,Saturday,5
2022-11-27,25206,33248.43338818572,0.9112244085862401,4263.178842032733,34559.96289260126,-8042.4333881857165,-9353.96289260126,Sunday,6
2022-11-28,26051,32652.0975162399,0.9815199858123785,483.6343933476508,32532.320684231836,-6601.097516239901,-6481.320684231836,Monday,0
2022-11-29,23739,32028.53930526081,1.0777615834087046,-5124.133766221823,29394.995469684,-8289.539305260809,-5655.9954696839995,Tuesday,1
2022-11-30,2569,31377.37694396896,1.765137141650964,-65161.14178531197,-9775.768333929736,-28808.37694396896,12344.768333929736,Wednesday,2
2022-12-01,22628,30698.228621084916,0.6443109539893688,34128.56104275524,53907.76601139021,-8070.228621084916,-31279.76601139021,Thursday,3
2022-12-02,24646,29990.712525329207,0.7981081647658971,18097.067956222112,42032.90048983421,-5344.712525329207,-17386.90048983421,Friday,4
2022-12-03,23873,29254.446845422382,0.8219377617864465,13312.833317176051,37358.1678796031,-5381.4468454223825,-13485.167879603097,Saturday,5
2022-12-04,25577,28489.049770084977,0.9112244085862401,4263.178842032733,30223.096369962375,-2912.0497700849774,-4646.096369962375,Sunday,6
2022-12-05,23153,27694.13948803753,0.9815199858123785,483.6343933476508,27665.985790732277,-4541.13948803753,-4512.985790732277,Monday,0
2022-12-06,23509,26869.334188000576,1.0777615834087046,-5124.133766221823,23834.602393375317,-3360.3341880005755,-325.60239337531675,Tuesday,1
2022-12-07,24899,26014.252058694674,1.765137141650964,-65161.14178531197,-19242.41926423995,-1115.252058694674,44141.41926423995,Wednesday,2
2022-12-08,21199,25128.51128884034,0.6443109539893688,34128.56104275524,50319.136123600576,-3929.5112888403382,-29120.136123600576,Thursday,3
2022-12-09,23640,24211.73006715813,0.7981081647658971,18097.067956222112,37420.647405928976,-571.7300671581288,-13780.647405928976,Friday,4
2022-12-10,21157,23263.52658236858,0.8219377617864465,13312.833317176051,32434.004287547585,-2106.5265823685804,-11277.004287547585,Saturday,5
2022-12-11,21947,22283.51902319223,0.9112244085862401,4263.178842032733,24568.465285161303,-336.51902319223154,-2621.4652851613027,Sunday,6
2022-12-12,22873,21271.32557834962,0.9815199858123785,483.6343933476508,21361.865573219853,1601.6744216503794,1511.134426780147,Monday,0
2022-12-13,24101,20226.564436561297,1.0777615834087046,-5124.133766221823,16675.280347844673,3874.435563438703,7425.719652155327,Tuesday,1
2022-12-14,20824,19148.853786547785,1.765137141650964,-65161.14178531197,-31360.788746632774,1675.1462134522153,52184.788746632774,Wednesday,2
2022-12-15,22176,18037.81181702964,0.6443109539893688,34128.56104275524,45750.520782466316,4138.18818297036,-23574.520782466316,Thursday,3
2022-12-16,22853,16893.05671672739,0.7981081647658971,18097.067956222112,31579.55444969562,5959.943283272609,-8726.55444969562,Friday,4
2022-12-17,22336,15714.206674361587,0.8219377617864465,13312.833317176051,26228.933179350453,6621.793325638413,-3892.9331793504534,Saturday,5
2022-12-18,22166,14500.879878652762,0.9112244085862401,4263.178842032733,17476.734533438204,7665.120121347238,4689.265466561796,Sunday,6
2022-12-19,26010,13252.694518321463,0.9815199858123785,483.6343933476508,13491.41892894632,12757.305481678537,12518.58107105368,Monday,0
2022-12-20,24137,11969.268782088222,1.0777615834087046,-5124.133766221823,7775.884308605957,12167.731217911778,16361.115691394043,Tuesday,1
2022-12-21,22180,10650.220858673587,1.765137141650964,-65161.14178531197,-46362.041380881405,11529.779141326413,68542.0413808814,Wednesday,2
2022-12-22,20490,9295.168936798093,0.6443109539893688,34128.56104275524,40117.54020791596,11194.831063201907,-19627.54020791596,Thursday,3
2022-12-23,21937,7903.731205182277,0.7981081647658971,18097.067956222112,24405.10036319309,14033.268794817723,-2468.1003631930907,Friday,4
2022-12-24,20281,6475.525852546687,0.8219377617864465,13312.833317176051,18635.312542808548,13805.474147453313,1645.6874571914523,Saturday,5
2022-12-25,15554,5010.17106761186,0.9112244085862401,4263.178842032733,8828.569010033241,10543.82893238814,6725.430989966759,Sunday,6
2022-12-26,20011,3507.2850390983344,0.9815199858123785,483.6343933476508,3926.1047551634156,16503.714960901667,16084.895244836585,Monday,0
2022-12-27,20879,1966.4859557266557,1.0777615834087046,-5124.133766221823,-3004.7307488268825,18912.514044273343,23883.73074882688,Tuesday,1
2022-12-28,20160,387.3920062173569,1.765137141650964,-65161.14178531197,-64477.34176675903,19772.607993782643,84637.34176675903,Wednesday,2
2022-12-29,20001,-1230.3786207090184,0.6443109539893688,34128.56104275524,33335.81461987809,21231.37862070902,-13334.814619878089,Thursday,3
2022-12-30,21204,-2887.207736331928,0.7981081647658971,18097.067956222112,15792.763888480336,24091.20773633193,5411.236111519664,Friday,4
2022-12-31,20380,-4583.477151930834,0.8219377617864465,13312.833317176051,9545.500365718704,24963.477151930834,10834.499634281296,Saturday,5
